DELETE FROM `copy`.`movie_img`;
DELETE FROM `copy`.`link_img`;
DELETE FROM `copy`.`movie_trailler`;
DELETE FROM `copy`.`link_trailler`;
UPDATE `copy`.`movieinformation` SET `main_img` = 'https://m.media-amazon.com/images/M/MV5BY2U5YmQ3YjgtM2I2OC00YmM5LTkyM2MtN2I5Zjg2MDE0ODkwXkEyXkFqcGdeQXVyMDM2NDM2MQ@@._V1_FMjpg_UX1000_.jpg' WHERE `movie_id` = 1;
UPDATE `copy`.`movieinformation` SET `main_trailer` = 'https://imdb-video.media-imdb.com/vi3000682009/1434659379400-8cjq25-1715953536711.mp4?Expires=1720036020&Signature=ES-I5CjPzNmpTg2p-qw-2CiWO~6R~Ep9ZdUMQxuVDmAD-GWys4xXDSXunpFjoW6f0GleImbuoJLXBSoSt383hg28r3rv~axTXQkG-0-SP0CYQr43GpV~skJZbcGUZuFVenVV3mTYXQAAYXl13bo-kMAJpbzHT1L5Wbvf6GlY3PR0DUjtdzBqLyXjwNeuPT~QM32eNVw72iVM8OXXs7QyXIQBjF2MD76Jsyq62Pt81O~Sx93rV1uBzdtSYKsBhxGOMqDKJ9oQ0TKiLgh~GmNlbA7HUOoZsWDYn-yjhQKRFSaURLgW25JOZug5QX2dgyXuNPXHIMDV5PNPNYxhq7nTpQ__&Key-Pair-Id=APKAIFLZBVQZ24NQH3KA' WHERE `movie_id` = 1;
INSERT INTO `copy`.`link_img` (`link_img_id`, `link_img`) VALUES (1, 'https://m.media-amazon.com/images/M/MV5BY2U5YmQ3YjgtM2I2OC00YmM5LTkyM2MtN2I5Zjg2MDE0ODkwXkEyXkFqcGdeQXVyMDM2NDM2MQ@@._V1_FMjpg_UX1000_.jpg');
INSERT INTO `copy`.`movie_img` (`movie_id`, `link_img_id`) VALUES (1, 1);
INSERT INTO `copy`.`link_img` (`link_img_id`, `link_img`) VALUES (2, 'https://m.media-amazon.com/images/M/MV5BOWNlMzIyMGQtN2QxYS00MmM5LTg0ZWEtZjY5NDc3ZDA2MjJhXkEyXkFqcGdeQXVyMTEyMjM2NDc2._V1_QL75_UX820_.jpg');
INSERT INTO `copy`.`movie_img` (`movie_id`, `link_img_id`) VALUES (1, 2);
INSERT INTO `copy`.`link_img` (`link_img_id`, `link_img`) VALUES (3, 'https://m.media-amazon.com/images/M/MV5BNmY3YjkwYzUtM2QyNy00YTI0LWI3NjItMGQzOTFmMjVhNjQ1XkEyXkFqcGdeQXVyMTEyMjM2NDc2._V1_QL75_UX820_.jpg');
INSERT INTO `copy`.`movie_img` (`movie_id`, `link_img_id`) VALUES (1, 3);
INSERT INTO `copy`.`link_img` (`link_img_id`, `link_img`) VALUES (4, 'https://m.media-amazon.com/images/M/MV5BZmYyZDNjOWMtZmIzMi00Y2Q3LThhYWMtYWFkZjY5YmE0MmRhXkEyXkFqcGdeQXVyMTEyMjM2NDc2._V1_QL75_UX820_.jpg');
INSERT INTO `copy`.`movie_img` (`movie_id`, `link_img_id`) VALUES (1, 4);
INSERT INTO `copy`.`link_img` (`link_img_id`, `link_img`) VALUES (5, 'https://m.media-amazon.com/images/M/MV5BNmJhMjZlZWUtMDkzNC00ZWM4LTlmZGItOTI3NjZmOTc5NDViXkEyXkFqcGdeQXVyMTEyMjM2NDc2._V1_QL75_UX820_.jpg');
INSERT INTO `copy`.`movie_img` (`movie_id`, `link_img_id`) VALUES (1, 5);
INSERT INTO `copy`.`link_img` (`link_img_id`, `link_img`) VALUES (6, 'https://m.media-amazon.com/images/M/MV5BMjFiM2Y1MDktMWY1NS00NDg1LWIzOTMtNjJmOGRkYzg0MmU5XkEyXkFqcGdeQXVyMTEyMjM2NDc2._V1_QL75_UX820_.jpg');
INSERT INTO `copy`.`movie_img` (`movie_id`, `link_img_id`) VALUES (1, 6);
INSERT INTO `copy`.`link_img` (`link_img_id`, `link_img`) VALUES (7, 'https://m.media-amazon.com/images/M/MV5BMTQzZmIxYjQtODkwNi00OWNmLTg5ODItY2M0YWNlOTY1MzgxXkEyXkFqcGdeQXVyMDM2NDM2MQ@@._V1_QL75_UX820_.jpg');
INSERT INTO `copy`.`movie_img` (`movie_id`, `link_img_id`) VALUES (1, 7);
INSERT INTO `copy`.`link_img` (`link_img_id`, `link_img`) VALUES (8, 'https://m.media-amazon.com/images/M/MV5BOGJjOWRkNzEtMTdhMS00NDRlLTgxNDUtNGMxZTM0OTIyOTk1XkEyXkFqcGdeQXVyMDM2NDM2MQ@@._V1_QL75_UX820_.jpg');
INSERT INTO `copy`.`movie_img` (`movie_id`, `link_img_id`) VALUES (1, 8);
INSERT INTO `copy`.`link_img` (`link_img_id`, `link_img`) VALUES (9, 'https://m.media-amazon.com/images/M/MV5BOTRlNTA5YmQtZmY4Yi00MWYxLTk3NTAtYjg2OTI0YjkzYTg2XkEyXkFqcGc@._V1_QL75_UX820_.jpg');
INSERT INTO `copy`.`movie_img` (`movie_id`, `link_img_id`) VALUES (1, 9);
INSERT INTO `copy`.`link_img` (`link_img_id`, `link_img`) VALUES (10, 'https://m.media-amazon.com/images/M/MV5BMTJmZDdiMmMtOWRmMy00OTZhLTk3ZDMtMWJiY2I2OTE4MTY2XkEyXkFqcGc@._V1_QL75_UX820_.jpg');
INSERT INTO `copy`.`movie_img` (`movie_id`, `link_img_id`) VALUES (1, 10);
INSERT INTO `copy`.`link_img` (`link_img_id`, `link_img`) VALUES (11, 'https://m.media-amazon.com/images/M/MV5BOWVjOWI1ZDgtNDc5NC00ZDQ5LTg4ZjktOTNlNWQ4Y2I3Yzc1XkEyXkFqcGc@._V1_QL75_UX820_.jpg');
INSERT INTO `copy`.`movie_img` (`movie_id`, `link_img_id`) VALUES (1, 11);
INSERT INTO `copy`.`link_img` (`link_img_id`, `link_img`) VALUES (12, 'https://m.media-amazon.com/images/M/MV5BNDA0NTk4NWUtYjBlNi00Nzk4LWJiOTktYTZmNjNiOWEyOGVmXkEyXkFqcGc@._V1_QL75_UX820_.jpg');
INSERT INTO `copy`.`movie_img` (`movie_id`, `link_img_id`) VALUES (1, 12);
INSERT INTO `copy`.`link_img` (`link_img_id`, `link_img`) VALUES (13, 'https://m.media-amazon.com/images/M/MV5BMjIyOGI5NGMtYzI2NS00ZGQzLThiNjMtYzkzNmE1ODRhNDI2XkEyXkFqcGc@._V1_QL75_UX820_.jpg');
INSERT INTO `copy`.`movie_img` (`movie_id`, `link_img_id`) VALUES (1, 13);
INSERT INTO `copy`.`link_img` (`link_img_id`, `link_img`) VALUES (14, 'https://m.media-amazon.com/images/M/MV5BOGJkN2NkMzYtMWM5NC00MzI5LWE1YTgtOTc3MTk2MmUwYzAyXkEyXkFqcGc@._V1_QL75_UX820_.jpg');
INSERT INTO `copy`.`movie_img` (`movie_id`, `link_img_id`) VALUES (1, 14);
INSERT INTO `copy`.`link_img` (`link_img_id`, `link_img`) VALUES (15, 'https://m.media-amazon.com/images/M/MV5BZDkzNjYyNzgtNmIyZi00NjY1LTkyMzEtMmJiYWI0OTQxMzIxXkEyXkFqcGc@._V1_QL75_UX820_.jpg');
INSERT INTO `copy`.`movie_img` (`movie_id`, `link_img_id`) VALUES (1, 15);
INSERT INTO `copy`.`link_img` (`link_img_id`, `link_img`) VALUES (16, 'https://m.media-amazon.com/images/M/MV5BZDA2NDBmMjgtMTg3Yi00ZGM3LWE1ZDctNjg4YjkxYTg0MDA0XkEyXkFqcGc@._V1_QL75_UX820_.jpg');
INSERT INTO `copy`.`movie_img` (`movie_id`, `link_img_id`) VALUES (1, 16);
INSERT INTO `copy`.`link_img` (`link_img_id`, `link_img`) VALUES (17, 'https://m.media-amazon.com/images/M/MV5BMWRjMzNkYTctYzg2My00NTI1LWJlYjUtZGY2ZTA1YzhkMWIyXkEyXkFqcGc@._V1_QL75_UX820_.jpg');
INSERT INTO `copy`.`movie_img` (`movie_id`, `link_img_id`) VALUES (1, 17);
INSERT INTO `copy`.`link_img` (`link_img_id`, `link_img`) VALUES (18, 'https://m.media-amazon.com/images/M/MV5BYThlY2E1YmMtOTZjZi00YWQ0LWE3NmItMjUzMmVlYzEyYjNmXkEyXkFqcGc@._V1_QL75_UX820_.jpg');
INSERT INTO `copy`.`movie_img` (`movie_id`, `link_img_id`) VALUES (1, 18);
INSERT INTO `copy`.`link_img` (`link_img_id`, `link_img`) VALUES (19, 'https://m.media-amazon.com/images/M/MV5BY2U5YmQ3YjgtM2I2OC00YmM5LTkyM2MtN2I5Zjg2MDE0ODkwXkEyXkFqcGdeQXVyMDM2NDM2MQ@@._V1_QL75_UX820_.jpg');
INSERT INTO `copy`.`movie_img` (`movie_id`, `link_img_id`) VALUES (1, 19);
INSERT INTO `copy`.`link_img` (`link_img_id`, `link_img`) VALUES (20, 'https://m.media-amazon.com/images/M/MV5BZGM0MDFkZDQtNmM2Zi00ZWM0LTk3MzYtMzg1NTQ5MTg4MmQ4XkEyXkFqcGdeQXVyMTY3ODkyNDkz._V1_QL75_UX820_.jpg');
INSERT INTO `copy`.`movie_img` (`movie_id`, `link_img_id`) VALUES (1, 20);
INSERT INTO `copy`.`link_img` (`link_img_id`, `link_img`) VALUES (21, 'https://m.media-amazon.com/images/M/MV5BYjkwZjEyMjktNDFmMy00YTZhLTlhNGQtODU5ODk4MWQwNTljXkEyXkFqcGdeQXVyMTY3ODkyNDkz._V1_QL75_UX820_.jpg');
INSERT INTO `copy`.`movie_img` (`movie_id`, `link_img_id`) VALUES (1, 21);
INSERT INTO `copy`.`link_img` (`link_img_id`, `link_img`) VALUES (22, 'https://m.media-amazon.com/images/M/MV5BYThmZjdiOWMtOGRjYy00MTZmLThkNzEtZDBkYjRhMzFmZmQ4XkEyXkFqcGdeQXVyMTY3ODkyNDkz._V1_QL75_UX820_.jpg');
INSERT INTO `copy`.`movie_img` (`movie_id`, `link_img_id`) VALUES (1, 22);
INSERT INTO `copy`.`link_img` (`link_img_id`, `link_img`) VALUES (23, 'https://m.media-amazon.com/images/M/MV5BNTlhZTUyMGQtYTAwNC00YTU3LThhZmEtMmY3NDIwODA1MjM0XkEyXkFqcGdeQXVyMTY3ODkyNDkz._V1_QL75_UX820_.jpg');
INSERT INTO `copy`.`movie_img` (`movie_id`, `link_img_id`) VALUES (1, 23);
INSERT INTO `copy`.`link_img` (`link_img_id`, `link_img`) VALUES (24, 'https://m.media-amazon.com/images/M/MV5BOTBjMjU4NjEtOTMzZS00NTFlLTg4M2QtM2VmNmQzNTA0NDg3XkEyXkFqcGdeQXVyMTY3ODkyNDkz._V1_QL75_UX820_.jpg');
INSERT INTO `copy`.`movie_img` (`movie_id`, `link_img_id`) VALUES (1, 24);
INSERT INTO `copy`.`link_img` (`link_img_id`, `link_img`) VALUES (25, 'https://m.media-amazon.com/images/M/MV5BZWVjZmVhMmEtZTkzZC00ZDdmLThiZWMtYjhmMTZkYjhmNzM2XkEyXkFqcGdeQXVyMTY3ODkyNDkz._V1_QL75_UX820_.jpg');
INSERT INTO `copy`.`movie_img` (`movie_id`, `link_img_id`) VALUES (1, 25);
INSERT INTO `copy`.`link_img` (`link_img_id`, `link_img`) VALUES (26, 'https://m.media-amazon.com/images/M/MV5BZmU0MmI2MmQtN2ZjZC00MjU4LWE3YTUtMWZhOWM3NDFjODg3XkEyXkFqcGdeQXVyMDM2NDM2MQ@@._V1_QL75_UX820_.jpg');
INSERT INTO `copy`.`movie_img` (`movie_id`, `link_img_id`) VALUES (1, 26);
INSERT INTO `copy`.`link_img` (`link_img_id`, `link_img`) VALUES (27, 'https://m.media-amazon.com/images/M/MV5BOWFhMWM5ZjUtOTNmYi00MjEwLThhZTctNzIxOTNjYzEyYjM2XkEyXkFqcGdeQXVyMDM2NDM2MQ@@._V1_QL75_UX820_.jpg');
INSERT INTO `copy`.`movie_img` (`movie_id`, `link_img_id`) VALUES (1, 27);
INSERT INTO `copy`.`link_img` (`link_img_id`, `link_img`) VALUES (28, 'https://m.media-amazon.com/images/M/MV5BM2QwNWYyNTItMmViNy00NjhkLThhOTMtNGNhMzkzYzc1YTJmXkEyXkFqcGc@._V1_QL75_UX820_.jpg');
INSERT INTO `copy`.`movie_img` (`movie_id`, `link_img_id`) VALUES (1, 28);
INSERT INTO `copy`.`link_img` (`link_img_id`, `link_img`) VALUES (29, 'https://m.media-amazon.com/images/M/MV5BMDhlOGNjZWMtZTdlNS00Nzg5LTgwOTUtZDIxYmM2ODAxZTkxXkEyXkFqcGc@._V1_QL75_UX820_.jpg');
INSERT INTO `copy`.`movie_img` (`movie_id`, `link_img_id`) VALUES (1, 29);
INSERT INTO `copy`.`link_img` (`link_img_id`, `link_img`) VALUES (30, 'https://m.media-amazon.com/images/M/MV5BNWI3NzI0ZDgtMTlhYy00ZjBlLTk1YjMtZmE4MTRmNTQxMmVmXkEyXkFqcGc@._V1_QL75_UX820_.jpg');
INSERT INTO `copy`.`movie_img` (`movie_id`, `link_img_id`) VALUES (1, 30);
INSERT INTO `copy`.`link_img` (`link_img_id`, `link_img`) VALUES (31, 'https://m.media-amazon.com/images/M/MV5BYzZhMThjZDMtMTJhYi00MmFhLWE1NzEtZGJkMjU1YTc1MTBkXkEyXkFqcGc@._V1_QL75_UX820_.jpg');
INSERT INTO `copy`.`movie_img` (`movie_id`, `link_img_id`) VALUES (1, 31);
INSERT INTO `copy`.`link_img` (`link_img_id`, `link_img`) VALUES (32, 'https://m.media-amazon.com/images/M/MV5BNzNjOTJkZjQtN2Q2Zi00ZmEzLTk0YmUtZDM5NDc2YmNiNzgzXkEyXkFqcGc@._V1_QL75_UX820_.jpg');
INSERT INTO `copy`.`movie_img` (`movie_id`, `link_img_id`) VALUES (1, 32);
INSERT INTO `copy`.`link_img` (`link_img_id`, `link_img`) VALUES (33, 'https://m.media-amazon.com/images/M/MV5BMjIzMThiOWItNzJhMi00ZTlmLThiNTQtYWM1MGIxZDkxOTRlXkEyXkFqcGc@._V1_QL75_UX820_.jpg');
INSERT INTO `copy`.`movie_img` (`movie_id`, `link_img_id`) VALUES (1, 33);
INSERT INTO `copy`.`link_img` (`link_img_id`, `link_img`) VALUES (34, 'https://m.media-amazon.com/images/M/MV5BNzQ0MzYwMDgtNDg2NC00YzE4LWI4NDctMTUzNTEyNDRiMTM0XkEyXkFqcGc@._V1_QL75_UX820_.jpg');
INSERT INTO `copy`.`movie_img` (`movie_id`, `link_img_id`) VALUES (1, 34);
INSERT INTO `copy`.`link_img` (`link_img_id`, `link_img`) VALUES (35, 'https://m.media-amazon.com/images/M/MV5BNmQ3MDY1Y2YtNDZjMC00MDg5LWJjZDctYzkyM2ExOWIyMmQ4XkEyXkFqcGc@._V1_QL75_UX820_.jpg');
INSERT INTO `copy`.`movie_img` (`movie_id`, `link_img_id`) VALUES (1, 35);
INSERT INTO `copy`.`link_img` (`link_img_id`, `link_img`) VALUES (36, 'https://m.media-amazon.com/images/M/MV5BNzZjY2JlZGMtZjI4ZS00ZmVjLTg5ZGEtYTkxODFlMTMwMjNiXkEyXkFqcGc@._V1_QL75_UX820_.jpg');
INSERT INTO `copy`.`movie_img` (`movie_id`, `link_img_id`) VALUES (1, 36);
INSERT INTO `copy`.`link_img` (`link_img_id`, `link_img`) VALUES (37, 'https://m.media-amazon.com/images/M/MV5BNmI5NWEwNjItYjM3YS00MTU0LTlmZjYtODVhMjU5N2M3NTkyXkEyXkFqcGc@._V1_QL75_UX820_.jpg');
INSERT INTO `copy`.`movie_img` (`movie_id`, `link_img_id`) VALUES (1, 37);
INSERT INTO `copy`.`link_img` (`link_img_id`, `link_img`) VALUES (38, 'https://m.media-amazon.com/images/M/MV5BYTc0MDUzODctMGQxYy00ZDE5LWIwODMtMWM3NjZhZDJjNjFiXkEyXkFqcGc@._V1_QL75_UX820_.jpg');
INSERT INTO `copy`.`movie_img` (`movie_id`, `link_img_id`) VALUES (1, 38);
INSERT INTO `copy`.`link_img` (`link_img_id`, `link_img`) VALUES (39, 'https://m.media-amazon.com/images/M/MV5BMTQ5YzVlYzctMmI5OC00MzBkLWE4NzMtOTkzMGIxYWE0OTUyXkEyXkFqcGc@._V1_QL75_UX820_.jpg');
INSERT INTO `copy`.`movie_img` (`movie_id`, `link_img_id`) VALUES (1, 39);
INSERT INTO `copy`.`link_img` (`link_img_id`, `link_img`) VALUES (40, 'https://m.media-amazon.com/images/M/MV5BYWYzMTk4MzgtZjEzMS00YzAwLTk0MjUtZTZmYzgwMjliNGFlXkEyXkFqcGdeQXVyMTI2MjAzNTY0._V1_QL75_UX820_.jpg');
INSERT INTO `copy`.`movie_img` (`movie_id`, `link_img_id`) VALUES (1, 40);
INSERT INTO `copy`.`link_img` (`link_img_id`, `link_img`) VALUES (41, 'https://m.media-amazon.com/images/M/MV5BMmY5MDU1OTItNDJhMy00NWJkLTk0ZmItMzg2MGY3ZTIyZmE2XkEyXkFqcGdeQXVyMTY1NTUzNjk2._V1_QL75_UX820_.jpg');
INSERT INTO `copy`.`movie_img` (`movie_id`, `link_img_id`) VALUES (1, 41);
INSERT INTO `copy`.`link_img` (`link_img_id`, `link_img`) VALUES (42, 'https://m.media-amazon.com/images/M/MV5BZGE1ZjVmNWUtMjQ0Yi00MGQxLTgyYjMtYTlmZjlhMzMxMWUxXkEyXkFqcGdeQXVyMTY1NTUzNjk2._V1_QL75_UX820_.jpg');
INSERT INTO `copy`.`movie_img` (`movie_id`, `link_img_id`) VALUES (1, 42);
INSERT INTO `copy`.`link_img` (`link_img_id`, `link_img`) VALUES (43, 'https://m.media-amazon.com/images/M/MV5BNmMzOGZiODEtYzQ5Ny00YjEyLThmYWQtY2Q0MWFmMTc3YzU2XkEyXkFqcGdeQXVyMTY1NTUzNjk2._V1_QL75_UX820_.jpg');
INSERT INTO `copy`.`movie_img` (`movie_id`, `link_img_id`) VALUES (1, 43);
INSERT INTO `copy`.`link_img` (`link_img_id`, `link_img`) VALUES (44, 'https://m.media-amazon.com/images/M/MV5BYzdlYTYzNTMtYjU2Mi00NjA4LWIyZjgtOGU0ZjJmYTFjY2VmXkEyXkFqcGdeQXVyMTY1NTUzNjk2._V1_QL75_UX820_.jpg');
INSERT INTO `copy`.`movie_img` (`movie_id`, `link_img_id`) VALUES (1, 44);
INSERT INTO `copy`.`link_img` (`link_img_id`, `link_img`) VALUES (45, 'https://m.media-amazon.com/images/M/MV5BOWUzODBlYjEtYmU1OC00ODMxLWFjYTYtOTRjZDJkY2EwNTA5XkEyXkFqcGdeQXVyMTY1NTUzNjk2._V1_QL75_UX820_.jpg');
INSERT INTO `copy`.`movie_img` (`movie_id`, `link_img_id`) VALUES (1, 45);
INSERT INTO `copy`.`link_img` (`link_img_id`, `link_img`) VALUES (46, 'https://m.media-amazon.com/images/M/MV5BMWZjZTdjZTYtZWQxMC00OWQ3LThmOTMtNjZmOGNhMDBiZWE2XkEyXkFqcGdeQXVyMTY1NTUzNjk2._V1_QL75_UX820_.jpg');
INSERT INTO `copy`.`movie_img` (`movie_id`, `link_img_id`) VALUES (1, 46);
INSERT INTO `copy`.`link_img` (`link_img_id`, `link_img`) VALUES (47, 'https://m.media-amazon.com/images/M/MV5BZDYyMGRlYmUtYjE2Ni00NGEzLTkyZDktYjNkYzUzNGQ1YWFkXkEyXkFqcGc@._V1_QL75_UX820_.jpg');
INSERT INTO `copy`.`movie_img` (`movie_id`, `link_img_id`) VALUES (1, 47);
INSERT INTO `copy`.`link_img` (`link_img_id`, `link_img`) VALUES (48, 'https://m.media-amazon.com/images/M/MV5BNzA0ZWY0ZWQtOTZhMy00NmNjLTg3Y2YtZDI1N2Q1YTc0YThmXkEyXkFqcGdeQXVyMTY1NTUzNjk2._V1_QL75_UX820_.jpg');
INSERT INTO `copy`.`movie_img` (`movie_id`, `link_img_id`) VALUES (1, 48);
INSERT INTO `copy`.`link_img` (`link_img_id`, `link_img`) VALUES (49, 'https://m.media-amazon.com/images/M/MV5BZGUwMzY2NTMtYTc2Zi00NzI4LTljOTgtNzdlZDMyMGRiMGIyXkEyXkFqcGdeQXVyMTI2MjAzNTY0._V1_QL75_UX820_.jpg');
INSERT INTO `copy`.`movie_img` (`movie_id`, `link_img_id`) VALUES (1, 49);
INSERT INTO `copy`.`link_img` (`link_img_id`, `link_img`) VALUES (50, 'https://m.media-amazon.com/images/M/MV5BNjIyZjM2MDctOThhNC00MTJjLTk1MDAtNjFhOWU3MzdjN2YyXkEyXkFqcGdeQXVyMTI2MjAzNTY0._V1_QL75_UX820_.jpg');
INSERT INTO `copy`.`movie_img` (`movie_id`, `link_img_id`) VALUES (1, 50);
INSERT INTO `copy`.`link_img` (`link_img_id`, `link_img`) VALUES (51, 'https://m.media-amazon.com/images/M/MV5BODdhYjI3N2UtMGNkZC00NTU5LThiNTctM2U0NWVjMzJmZTM5XkEyXkFqcGdeQXVyMTI2MjAzNTY0._V1_QL75_UX820_.jpg');
INSERT INTO `copy`.`movie_img` (`movie_id`, `link_img_id`) VALUES (1, 51);
INSERT INTO `copy`.`link_trailler` (`link_trailler_id`, `link_trailler`) VALUES (1, 'https://imdb-video.media-imdb.com/vi3000682009/1434659379400-8cjq25-1715953536711.mp4?Expires=1720036020&Signature=ES-I5CjPzNmpTg2p-qw-2CiWO~6R~Ep9ZdUMQxuVDmAD-GWys4xXDSXunpFjoW6f0GleImbuoJLXBSoSt383hg28r3rv~axTXQkG-0-SP0CYQr43GpV~skJZbcGUZuFVenVV3mTYXQAAYXl13bo-kMAJpbzHT1L5Wbvf6GlY3PR0DUjtdzBqLyXjwNeuPT~QM32eNVw72iVM8OXXs7QyXIQBjF2MD76Jsyq62Pt81O~Sx93rV1uBzdtSYKsBhxGOMqDKJ9oQ0TKiLgh~GmNlbA7HUOoZsWDYn-yjhQKRFSaURLgW25JOZug5QX2dgyXuNPXHIMDV5PNPNYxhq7nTpQ__&Key-Pair-Id=APKAIFLZBVQZ24NQH3KA');
INSERT INTO `copy`.`movie_trailler` (`movie_id`, `link_trailler_id`) VALUES (1, 1);
UPDATE `copy`.`movieinformation` SET `main_img` = 'https://m.media-amazon.com/images/M/MV5BNDRkNGNjNzMtYzE3MS00OWQyLTkzZGUtNWIyMmYwMjY3YzYxXkEyXkFqcGc@._V1_FMjpg_UX1000_.jpg' WHERE `movie_id` = 2;
UPDATE `copy`.`movieinformation` SET `main_trailer` = 'https://imdb-video.media-imdb.com/vi618513945/1434659529640-260ouz-1716214460509.mp4?Expires=1720036023&Signature=IER~lotR3QFpkTPPyTF~-gwj9v8lUsqPrlgoDNlcr1NKfNoNF5XxerH-alBoNzodD7pnUv-tB2iUPThxscv6XrB5Pk0Efsof~zrjxDVKF5A0gng6WP~ELaX6o0JJrT5V7Ndf9vxoTGY15CgOWJo2qBcgB97oUP30l7pBDAGuzn6lrBSMf8IB4xfUDy6YR2z2ohDuTN4VRHHqzNKGCAXIIsQ15B~cz-NX-9MYCTAeSqWBDFNSFzW7XQkSCXuLOnTyE948uQHTz-GuMc6kjhAZgRPtWZlowdpa2ppkSY4XYttm8pPY7srcrAHbZqv3JPXdOAK83Ze2xSBbMrRc5mWO0w__&Key-Pair-Id=APKAIFLZBVQZ24NQH3KA' WHERE `movie_id` = 2;
INSERT INTO `copy`.`link_img` (`link_img_id`, `link_img`) VALUES (52, 'https://m.media-amazon.com/images/M/MV5BNDRkNGNjNzMtYzE3MS00OWQyLTkzZGUtNWIyMmYwMjY3YzYxXkEyXkFqcGc@._V1_FMjpg_UX1000_.jpg');
INSERT INTO `copy`.`movie_img` (`movie_id`, `link_img_id`) VALUES (2, 52);
INSERT INTO `copy`.`link_img` (`link_img_id`, `link_img`) VALUES (53, 'https://m.media-amazon.com/images/M/MV5BODNmYmZiODAtNzllNS00NDMxLWI4ODktMTY2MWI4OTJlYWE4XkEyXkFqcGdeQXVyMTUzMTg2ODkz._V1_QL75_UX820_.jpg');
INSERT INTO `copy`.`movie_img` (`movie_id`, `link_img_id`) VALUES (2, 53);
INSERT INTO `copy`.`link_img` (`link_img_id`, `link_img`) VALUES (54, 'https://m.media-amazon.com/images/M/MV5BYTNlODU1MDUtMTJjYS00ZWUwLWExZDEtYmM5NjhlODIxM2Y3XkEyXkFqcGdeQXVyMTUzMTg2ODkz._V1_QL75_UX820_.jpg');
INSERT INTO `copy`.`movie_img` (`movie_id`, `link_img_id`) VALUES (2, 54);
INSERT INTO `copy`.`link_img` (`link_img_id`, `link_img`) VALUES (55, 'https://m.media-amazon.com/images/M/MV5BOGIxYTAzN2MtOGJkZC00YjM3LWFmODAtMDkwYjkzMzYzNzgyXkEyXkFqcGdeQXVyMTkxNjUyNQ@@._V1_QL75_UX820_.jpg');
INSERT INTO `copy`.`movie_img` (`movie_id`, `link_img_id`) VALUES (2, 55);
INSERT INTO `copy`.`link_img` (`link_img_id`, `link_img`) VALUES (56, 'https://m.media-amazon.com/images/M/MV5BNGI5MDc3NTctOGUwYy00ODUxLTg2NzAtZTRlNTE1ZTk2ODIxXkEyXkFqcGdeQXVyMTkxNjUyNQ@@._V1_QL75_UX820_.jpg');
INSERT INTO `copy`.`movie_img` (`movie_id`, `link_img_id`) VALUES (2, 56);
INSERT INTO `copy`.`link_img` (`link_img_id`, `link_img`) VALUES (57, 'https://m.media-amazon.com/images/M/MV5BY2QxY2NkOTAtZDMwMi00OTExLThmMWYtYWU1YzQyZGVkZmIyXkEyXkFqcGdeQXVyMTkxNjUyNQ@@._V1_QL75_UX820_.jpg');
INSERT INTO `copy`.`movie_img` (`movie_id`, `link_img_id`) VALUES (2, 57);
INSERT INTO `copy`.`link_img` (`link_img_id`, `link_img`) VALUES (58, 'https://m.media-amazon.com/images/M/MV5BMjk2Y2Y1NjctMTgyZS00OGJiLWFkZTYtMWVmMDg0NWExODRiXkEyXkFqcGc@._V1_QL75_UX820_.jpg');
INSERT INTO `copy`.`movie_img` (`movie_id`, `link_img_id`) VALUES (2, 58);
INSERT INTO `copy`.`link_img` (`link_img_id`, `link_img`) VALUES (59, 'https://m.media-amazon.com/images/M/MV5BNjA4MWI1ZjgtOTEzNS00NWZkLWI4MmMtNDI1ODUyZWRmMDZhXkEyXkFqcGc@._V1_QL75_UX820_.jpg');
INSERT INTO `copy`.`movie_img` (`movie_id`, `link_img_id`) VALUES (2, 59);
INSERT INTO `copy`.`link_img` (`link_img_id`, `link_img`) VALUES (60, 'https://m.media-amazon.com/images/M/MV5BMTQ2OWYyMGItZjRkMC00NzE0LWIyMTUtYWZlODdlMjEwMTE2XkEyXkFqcGc@._V1_QL75_UX820_.jpg');
INSERT INTO `copy`.`movie_img` (`movie_id`, `link_img_id`) VALUES (2, 60);
INSERT INTO `copy`.`link_img` (`link_img_id`, `link_img`) VALUES (61, 'https://m.media-amazon.com/images/M/MV5BYWUyMDIyMWItZjU1OS00NGFjLWE2NzYtYTRlYzk2NDUxNjA2XkEyXkFqcGc@._V1_QL75_UX820_.jpg');
INSERT INTO `copy`.`movie_img` (`movie_id`, `link_img_id`) VALUES (2, 61);
INSERT INTO `copy`.`link_img` (`link_img_id`, `link_img`) VALUES (62, 'https://m.media-amazon.com/images/M/MV5BZWMxZDUwZGQtZDQ4Yy00NGJkLTg2N2QtMmNkNTJmZjJkNzk5XkEyXkFqcGdeQXVyMTkxNjUyNQ@@._V1_QL75_UX820_.jpg');
INSERT INTO `copy`.`movie_img` (`movie_id`, `link_img_id`) VALUES (2, 62);
INSERT INTO `copy`.`link_img` (`link_img_id`, `link_img`) VALUES (63, 'https://m.media-amazon.com/images/M/MV5BMTExYjEwMjAtZDJjMS00OTg0LWFhOWEtMTQwZTllMjlkZDVkXkEyXkFqcGdeQXVyMTUzMTg2ODkz._V1_QL75_UX820_.jpg');
INSERT INTO `copy`.`movie_img` (`movie_id`, `link_img_id`) VALUES (2, 63);
INSERT INTO `copy`.`link_img` (`link_img_id`, `link_img`) VALUES (64, 'https://m.media-amazon.com/images/M/MV5BNWFmZGU4NzAtNGI2OC00MTY0LThhOGYtYjcwNDA4ZjQzM2NhXkEyXkFqcGdeQXVyMTUzMTg2ODkz._V1_QL75_UX820_.jpg');
INSERT INTO `copy`.`movie_img` (`movie_id`, `link_img_id`) VALUES (2, 64);
INSERT INTO `copy`.`link_img` (`link_img_id`, `link_img`) VALUES (65, 'https://m.media-amazon.com/images/M/MV5BNzRjNTliZjctYjEwNi00ZTdiLTllYzgtYjFlZjI3MjQ3MjNkXkEyXkFqcGdeQXVyMTUzMTg2ODkz._V1_QL75_UX820_.jpg');
INSERT INTO `copy`.`movie_img` (`movie_id`, `link_img_id`) VALUES (2, 65);
INSERT INTO `copy`.`link_img` (`link_img_id`, `link_img`) VALUES (66, 'https://m.media-amazon.com/images/M/MV5BZGQ4ZWVkZTUtMTJhYS00YzBmLWExMDItMWNmMzhjNWZhMTRhXkEyXkFqcGdeQXVyMTUzMTg2ODkz._V1_QL75_UX820_.jpg');
INSERT INTO `copy`.`movie_img` (`movie_id`, `link_img_id`) VALUES (2, 66);
INSERT INTO `copy`.`link_img` (`link_img_id`, `link_img`) VALUES (67, 'https://m.media-amazon.com/images/M/MV5BZDY2Yjc1NmItOGY4NS00NzE3LTk3MWUtM2M3OGU0ODUzNjhlXkEyXkFqcGdeQXVyMTUzMTg2ODkz._V1_QL75_UX820_.jpg');
INSERT INTO `copy`.`movie_img` (`movie_id`, `link_img_id`) VALUES (2, 67);
INSERT INTO `copy`.`link_img` (`link_img_id`, `link_img`) VALUES (68, 'https://m.media-amazon.com/images/M/MV5BMzFmNzJlNzctYWFkOS00NWI4LWExY2MtYmZkZDgzZWUwNmYyXkEyXkFqcGdeQXVyMTUzMTg2ODkz._V1_QL75_UX820_.jpg');
INSERT INTO `copy`.`movie_img` (`movie_id`, `link_img_id`) VALUES (2, 68);
INSERT INTO `copy`.`link_img` (`link_img_id`, `link_img`) VALUES (69, 'https://m.media-amazon.com/images/M/MV5BM2IwNmY5ODMtMTNmNi00OGU5LTgxMWQtNTZiNTg3ZTY1ZDE3XkEyXkFqcGdeQXVyMTUzMTg2ODkz._V1_QL75_UX820_.jpg');
INSERT INTO `copy`.`movie_img` (`movie_id`, `link_img_id`) VALUES (2, 69);
INSERT INTO `copy`.`link_img` (`link_img_id`, `link_img`) VALUES (70, 'https://m.media-amazon.com/images/M/MV5BZGY2NWZjNTAtMTQ4NS00MzUwLWI2ZjctZDc2ODZiNTJjMTZjXkEyXkFqcGdeQXVyMTUzMTg2ODkz._V1_QL75_UX820_.jpg');
INSERT INTO `copy`.`movie_img` (`movie_id`, `link_img_id`) VALUES (2, 70);
INSERT INTO `copy`.`link_img` (`link_img_id`, `link_img`) VALUES (71, 'https://m.media-amazon.com/images/M/MV5BOTEzMDE5NTEtZWUyMy00NTc4LWIwZjMtZGY3YWQ3OTBmYjZmXkEyXkFqcGdeQXVyMTUzMTg2ODkz._V1_QL75_UX820_.jpg');
INSERT INTO `copy`.`movie_img` (`movie_id`, `link_img_id`) VALUES (2, 71);
INSERT INTO `copy`.`link_img` (`link_img_id`, `link_img`) VALUES (72, 'https://m.media-amazon.com/images/M/MV5BMzc0M2UxZmQtMmZiNy00NzcyLWIzYmEtMTY4OGI1OGM5ZjM2XkEyXkFqcGdeQXVyMTUzMTg2ODkz._V1_QL75_UX820_.jpg');
INSERT INTO `copy`.`movie_img` (`movie_id`, `link_img_id`) VALUES (2, 72);
INSERT INTO `copy`.`link_img` (`link_img_id`, `link_img`) VALUES (73, 'https://m.media-amazon.com/images/M/MV5BZmU5NDEyN2ItYzg2Zi00NDVmLWFkM2UtNDRjZGU1YzBlODBkXkEyXkFqcGdeQXVyMTUzMTg2ODkz._V1_QL75_UX820_.jpg');
INSERT INTO `copy`.`movie_img` (`movie_id`, `link_img_id`) VALUES (2, 73);
INSERT INTO `copy`.`link_img` (`link_img_id`, `link_img`) VALUES (74, 'https://m.media-amazon.com/images/M/MV5BNjY5YmY4ZGUtZTAxYi00YWJlLTg0MDgtODFkNGRiNjllYzE5XkEyXkFqcGdeQXVyMTUzMTg2ODkz._V1_QL75_UX820_.jpg');
INSERT INTO `copy`.`movie_img` (`movie_id`, `link_img_id`) VALUES (2, 74);
INSERT INTO `copy`.`link_img` (`link_img_id`, `link_img`) VALUES (75, 'https://m.media-amazon.com/images/M/MV5BZWFmM2RmNzMtNzM5Yi00OGQyLTlhYmYtODBkNzVmNjE2ZmEwXkEyXkFqcGdeQXVyMTUzMTg2ODkz._V1_QL75_UX820_.jpg');
INSERT INTO `copy`.`movie_img` (`movie_id`, `link_img_id`) VALUES (2, 75);
INSERT INTO `copy`.`link_img` (`link_img_id`, `link_img`) VALUES (76, 'https://m.media-amazon.com/images/M/MV5BNTBjZWQ0ZGYtODYzNS00MmViLTlhNzctYTk0NTJkMzU4ODU1XkEyXkFqcGdeQXVyMTUzMTg2ODkz._V1_QL75_UX820_.jpg');
INSERT INTO `copy`.`movie_img` (`movie_id`, `link_img_id`) VALUES (2, 76);
INSERT INTO `copy`.`link_img` (`link_img_id`, `link_img`) VALUES (77, 'https://m.media-amazon.com/images/M/MV5BYjdjY2FiZmItMWRiZi00YTAxLWJhMTItNmRlYmZlM2VkZWU3XkEyXkFqcGdeQXVyMTUzMTg2ODkz._V1_QL75_UX820_.jpg');
INSERT INTO `copy`.`movie_img` (`movie_id`, `link_img_id`) VALUES (2, 77);
INSERT INTO `copy`.`link_img` (`link_img_id`, `link_img`) VALUES (78, 'https://m.media-amazon.com/images/M/MV5BYjQzNGE5YmEtNjI1Ni00MTRiLTliMDktOTg4NDJmYjQ1ODg3XkEyXkFqcGdeQXVyMTUzMTg2ODkz._V1_QL75_UX820_.jpg');
INSERT INTO `copy`.`movie_img` (`movie_id`, `link_img_id`) VALUES (2, 78);
INSERT INTO `copy`.`link_img` (`link_img_id`, `link_img`) VALUES (79, 'https://m.media-amazon.com/images/M/MV5BZjUyZjQxZmUtMWViZS00ZGRlLWJmZTgtMDE1YzY0Y2U1YjM5XkEyXkFqcGdeQXVyMTUzMTg2ODkz._V1_QL75_UX820_.jpg');
INSERT INTO `copy`.`movie_img` (`movie_id`, `link_img_id`) VALUES (2, 79);
INSERT INTO `copy`.`link_img` (`link_img_id`, `link_img`) VALUES (80, 'https://m.media-amazon.com/images/M/MV5BMzc0MTY4N2QtZWI2My00ODM4LWJkOTEtNmQ1YzE3MjczYzJmXkEyXkFqcGdeQXVyMTUzMTg2ODkz._V1_QL75_UX820_.jpg');
INSERT INTO `copy`.`movie_img` (`movie_id`, `link_img_id`) VALUES (2, 80);
INSERT INTO `copy`.`link_img` (`link_img_id`, `link_img`) VALUES (81, 'https://m.media-amazon.com/images/M/MV5BYjAxZWY4NjAtZjIzYi00OTQ3LWExMjQtZWZkYTgyZTEzNTlmXkEyXkFqcGdeQXVyMTUzMTg2ODkz._V1_QL75_UX820_.jpg');
INSERT INTO `copy`.`movie_img` (`movie_id`, `link_img_id`) VALUES (2, 81);
INSERT INTO `copy`.`link_img` (`link_img_id`, `link_img`) VALUES (82, 'https://m.media-amazon.com/images/M/MV5BNzkyMWFkZGUtOWE5My00ODM4LTkyYWMtZWEyOTliODk5NjQ4XkEyXkFqcGdeQXVyMTUzMTg2ODkz._V1_QL75_UX820_.jpg');
INSERT INTO `copy`.`movie_img` (`movie_id`, `link_img_id`) VALUES (2, 82);
INSERT INTO `copy`.`link_img` (`link_img_id`, `link_img`) VALUES (83, 'https://m.media-amazon.com/images/M/MV5BNjI3NDNkNmUtZTBlYi00NzUwLTk1M2QtNmY5ZDk1YmIzNmMyXkEyXkFqcGdeQXVyMTUzMTg2ODkz._V1_QL75_UX820_.jpg');
INSERT INTO `copy`.`movie_img` (`movie_id`, `link_img_id`) VALUES (2, 83);
INSERT INTO `copy`.`link_img` (`link_img_id`, `link_img`) VALUES (84, 'https://m.media-amazon.com/images/M/MV5BY2I0Mzk5YzAtZWVhYi00MzUwLThmOTMtNmZiMzg1MThhZjIzXkEyXkFqcGdeQXVyMTUzMTg2ODkz._V1_QL75_UX820_.jpg');
INSERT INTO `copy`.`movie_img` (`movie_id`, `link_img_id`) VALUES (2, 84);
INSERT INTO `copy`.`link_img` (`link_img_id`, `link_img`) VALUES (85, 'https://m.media-amazon.com/images/M/MV5BZmVmYWYxZWItNTI3My00YTI4LTlhMzItMjU1OGE2NjkwMTFjXkEyXkFqcGdeQXVyMTUzMTg2ODkz._V1_QL75_UX820_.jpg');
INSERT INTO `copy`.`movie_img` (`movie_id`, `link_img_id`) VALUES (2, 85);
INSERT INTO `copy`.`link_img` (`link_img_id`, `link_img`) VALUES (86, 'https://m.media-amazon.com/images/M/MV5BNGFhODk0NmYtNzg1Zi00Njg2LWFmMTgtMDc0NDZhYjU4OTcxXkEyXkFqcGdeQXVyMTUzMTg2ODkz._V1_QL75_UX820_.jpg');
INSERT INTO `copy`.`movie_img` (`movie_id`, `link_img_id`) VALUES (2, 86);
INSERT INTO `copy`.`link_img` (`link_img_id`, `link_img`) VALUES (87, 'https://m.media-amazon.com/images/M/MV5BYjcxMjdkYWYtNDZmNi00ODkzLTlmOTAtZjA2YWRlMzM1NDUyXkEyXkFqcGdeQXVyMTUzMTg2ODkz._V1_QL75_UX820_.jpg');
INSERT INTO `copy`.`movie_img` (`movie_id`, `link_img_id`) VALUES (2, 87);
INSERT INTO `copy`.`link_img` (`link_img_id`, `link_img`) VALUES (88, 'https://m.media-amazon.com/images/M/MV5BZWJkMmYwNWQtMTQ3Ni00Y2JjLTkwZTktNWFkMTI5ZmM5OTAyXkEyXkFqcGdeQXVyMTUzMTg2ODkz._V1_QL75_UX820_.jpg');
INSERT INTO `copy`.`movie_img` (`movie_id`, `link_img_id`) VALUES (2, 88);
INSERT INTO `copy`.`link_img` (`link_img_id`, `link_img`) VALUES (89, 'https://m.media-amazon.com/images/M/MV5BYWIwYmFkYjEtNGExNi00ZDQ0LTkyMDktZDYzNTEzMzQxZWYxXkEyXkFqcGdeQXVyMTUzMTg2ODkz._V1_QL75_UX820_.jpg');
INSERT INTO `copy`.`movie_img` (`movie_id`, `link_img_id`) VALUES (2, 89);
INSERT INTO `copy`.`link_img` (`link_img_id`, `link_img`) VALUES (90, 'https://m.media-amazon.com/images/M/MV5BNWQyNWYzN2EtMzI0ZS00MjZlLWI0MzctZjZmZDNhYTNmMTNjXkEyXkFqcGdeQXVyMTUzMTg2ODkz._V1_QL75_UX820_.jpg');
INSERT INTO `copy`.`movie_img` (`movie_id`, `link_img_id`) VALUES (2, 90);
INSERT INTO `copy`.`link_img` (`link_img_id`, `link_img`) VALUES (91, 'https://m.media-amazon.com/images/M/MV5BN2I0ODI5YWItNTk5OS00YTEzLWI5YjQtNTViMTNjNmY3YWUyXkEyXkFqcGdeQXVyMTUzMTg2ODkz._V1_QL75_UX820_.jpg');
INSERT INTO `copy`.`movie_img` (`movie_id`, `link_img_id`) VALUES (2, 91);
INSERT INTO `copy`.`link_img` (`link_img_id`, `link_img`) VALUES (92, 'https://m.media-amazon.com/images/M/MV5BYzQzNjdkMjctYWY2OS00OTk0LWIxZDMtZDEzZjQ5NDRlNWFiXkEyXkFqcGdeQXVyMTUzMTg2ODkz._V1_QL75_UX820_.jpg');
INSERT INTO `copy`.`movie_img` (`movie_id`, `link_img_id`) VALUES (2, 92);
INSERT INTO `copy`.`link_img` (`link_img_id`, `link_img`) VALUES (93, 'https://m.media-amazon.com/images/M/MV5BNjRmYTc3NTQtOTQ2Yy00MGQ5LWFjNTMtYjMzYzY1M2ZhZDQxXkEyXkFqcGdeQXVyMTUzMTg2ODkz._V1_QL75_UX820_.jpg');
INSERT INTO `copy`.`movie_img` (`movie_id`, `link_img_id`) VALUES (2, 93);
INSERT INTO `copy`.`link_img` (`link_img_id`, `link_img`) VALUES (94, 'https://m.media-amazon.com/images/M/MV5BNTU2MDAwNzEtZGMyOC00MWNjLWIyYjAtNThlYjY2NzE1NWU4XkEyXkFqcGdeQXVyMTUzMTg2ODkz._V1_QL75_UX820_.jpg');
INSERT INTO `copy`.`movie_img` (`movie_id`, `link_img_id`) VALUES (2, 94);
INSERT INTO `copy`.`link_img` (`link_img_id`, `link_img`) VALUES (95, 'https://m.media-amazon.com/images/M/MV5BMDUxNzk5NWYtNzg1ZC00ZjE4LTllODgtZTRmYjRlYzY4M2E4XkEyXkFqcGdeQXVyMTUzMTg2ODkz._V1_QL75_UX820_.jpg');
INSERT INTO `copy`.`movie_img` (`movie_id`, `link_img_id`) VALUES (2, 95);
INSERT INTO `copy`.`link_img` (`link_img_id`, `link_img`) VALUES (96, 'https://m.media-amazon.com/images/M/MV5BMjhkZTRlYWYtZDM1Zi00ODg3LTg2ZTItZTNjYmE0MzY4OWUwXkEyXkFqcGdeQXVyMTUzMTg2ODkz._V1_QL75_UX820_.jpg');
INSERT INTO `copy`.`movie_img` (`movie_id`, `link_img_id`) VALUES (2, 96);
INSERT INTO `copy`.`link_img` (`link_img_id`, `link_img`) VALUES (97, 'https://m.media-amazon.com/images/M/MV5BMTY5N2Q1MjktOWFlZS00OThjLWIxODItNWUwMjg5YTgwMzc2XkEyXkFqcGdeQXVyMTUzMTg2ODkz._V1_QL75_UX820_.jpg');
INSERT INTO `copy`.`movie_img` (`movie_id`, `link_img_id`) VALUES (2, 97);
INSERT INTO `copy`.`link_img` (`link_img_id`, `link_img`) VALUES (98, 'https://m.media-amazon.com/images/M/MV5BODU5YzVjMGQtZDAyYi00OWRjLWIzYWQtZjMwZmI4NTA4NzQ5XkEyXkFqcGdeQXVyMTUzMTg2ODkz._V1_QL75_UX820_.jpg');
INSERT INTO `copy`.`movie_img` (`movie_id`, `link_img_id`) VALUES (2, 98);
INSERT INTO `copy`.`link_img` (`link_img_id`, `link_img`) VALUES (99, 'https://m.media-amazon.com/images/M/MV5BZjBhZGZkZDktMjAxMS00ODExLTlmYjQtNjdmMTZjM2Y2OGM4XkEyXkFqcGdeQXVyMTUzMTg2ODkz._V1_QL75_UX820_.jpg');
INSERT INTO `copy`.`movie_img` (`movie_id`, `link_img_id`) VALUES (2, 99);
INSERT INTO `copy`.`link_img` (`link_img_id`, `link_img`) VALUES (100, 'https://m.media-amazon.com/images/M/MV5BYTNhNTk1ZWYtYWQ5ZC00NmIyLTg2OWEtMjI0MDBkZTU0YmQ5XkEyXkFqcGdeQXVyMTUzMTg2ODkz._V1_QL75_UX820_.jpg');
INSERT INTO `copy`.`movie_img` (`movie_id`, `link_img_id`) VALUES (2, 100);
INSERT INTO `copy`.`link_img` (`link_img_id`, `link_img`) VALUES (101, 'https://m.media-amazon.com/images/M/MV5BMGZiNzBmYWYtZDYzMS00YjZjLWI0YmUtNTBjYTMzNzQ5NjAzXkEyXkFqcGdeQXVyMTUzMTg2ODkz._V1_QL75_UX820_.jpg');
INSERT INTO `copy`.`movie_img` (`movie_id`, `link_img_id`) VALUES (2, 101);
INSERT INTO `copy`.`link_img` (`link_img_id`, `link_img`) VALUES (102, 'https://m.media-amazon.com/images/M/MV5BNmIxMmQ0ZTAtMWNjZC00MTA4LTg5NDktNWM1MzZiZWMzZmJjXkEyXkFqcGdeQXVyMTUzMTg2ODkz._V1_QL75_UX820_.jpg');
INSERT INTO `copy`.`movie_img` (`movie_id`, `link_img_id`) VALUES (2, 102);
INSERT INTO `copy`.`link_trailler` (`link_trailler_id`, `link_trailler`) VALUES (2, 'https://imdb-video.media-imdb.com/vi618513945/1434659529640-260ouz-1716214460509.mp4?Expires=1720036023&Signature=IER~lotR3QFpkTPPyTF~-gwj9v8lUsqPrlgoDNlcr1NKfNoNF5XxerH-alBoNzodD7pnUv-tB2iUPThxscv6XrB5Pk0Efsof~zrjxDVKF5A0gng6WP~ELaX6o0JJrT5V7Ndf9vxoTGY15CgOWJo2qBcgB97oUP30l7pBDAGuzn6lrBSMf8IB4xfUDy6YR2z2ohDuTN4VRHHqzNKGCAXIIsQ15B~cz-NX-9MYCTAeSqWBDFNSFzW7XQkSCXuLOnTyE948uQHTz-GuMc6kjhAZgRPtWZlowdpa2ppkSY4XYttm8pPY7srcrAHbZqv3JPXdOAK83Ze2xSBbMrRc5mWO0w__&Key-Pair-Id=APKAIFLZBVQZ24NQH3KA');
INSERT INTO `copy`.`movie_trailler` (`movie_id`, `link_trailler_id`) VALUES (2, 2);
UPDATE `copy`.`movieinformation` SET `main_img` = 'https://m.media-amazon.com/images/M/MV5BN2M2YzNhOTEtNmExNS00MDhjLWJmNDMtZGU3YmVjMGVmOGUzXkEyXkFqcGdeQXVyMDc5ODIzMw@@._V1_FMjpg_UX1000_.jpg' WHERE `movie_id` = 3;
UPDATE `copy`.`movieinformation` SET `main_trailer` = 'https://imdb-video.media-imdb.com/vi1172227609/1434659529640-260ouz-1716305697074.mp4?Expires=1720036027&Signature=grkqIw-z~QMLuZFXR2pSXBFyt7p0UbbAqa~h76RCJqsOlg7aqC9raSxZazDFJR~TR2FCYkkPff506Eu55BIc7B5vbtTF4fhbnJzlLjsvCjOBO0NTuHPgH3S~UdLFT5b3Q015VXiK5vRrtomm7Mb0qKFfbVH-0kkJrr-g8Tqse0Rzn38gSE64Es~dhGShnJ6~mfr1xNAlm7Rb6lXlHUIwZIHUV82n2hGL4zmmvmas4rinvchtuwmhUFLMsVNAuhNGcVHIOhOz02jmDcu0nw-N8BKzyscKay5d0~xyXJyAqFoqGelfCwqRbLDklHGJDEKZZpKtRlaLaUwudwHtpohFGw__&Key-Pair-Id=APKAIFLZBVQZ24NQH3KA' WHERE `movie_id` = 3;
INSERT INTO `copy`.`link_img` (`link_img_id`, `link_img`) VALUES (103, 'https://m.media-amazon.com/images/M/MV5BN2M2YzNhOTEtNmExNS00MDhjLWJmNDMtZGU3YmVjMGVmOGUzXkEyXkFqcGdeQXVyMDc5ODIzMw@@._V1_FMjpg_UX1000_.jpg');
INSERT INTO `copy`.`movie_img` (`movie_id`, `link_img_id`) VALUES (3, 103);
INSERT INTO `copy`.`link_img` (`link_img_id`, `link_img`) VALUES (104, 'https://m.media-amazon.com/images/M/MV5BMjNkYzllMjMtYzE1OS00ZWU5LWFhOTgtOTA1OTkyZjIzMWY0XkEyXkFqcGdeQXVyMDM2NDM2MQ@@._V1_QL75_UX820_.jpg');
INSERT INTO `copy`.`movie_img` (`movie_id`, `link_img_id`) VALUES (3, 104);
INSERT INTO `copy`.`link_img` (`link_img_id`, `link_img`) VALUES (105, 'https://m.media-amazon.com/images/M/MV5BMmRjMTEzZmQtYjJjOC00ZjA1LTk3NTQtNDcwN2U2ZWM2MDIxXkEyXkFqcGdeQXVyMDM2NDM2MQ@@._V1_QL75_UX820_.jpg');
INSERT INTO `copy`.`movie_img` (`movie_id`, `link_img_id`) VALUES (3, 105);
INSERT INTO `copy`.`link_img` (`link_img_id`, `link_img`) VALUES (106, 'https://m.media-amazon.com/images/M/MV5BMjdmNGJjMzItMTA0Yi00YmRhLTlkYjEtZTRjYTQ2MzEzMjU4XkEyXkFqcGdeQXVyMDM2NDM2MQ@@._V1_QL75_UX820_.jpg');
INSERT INTO `copy`.`movie_img` (`movie_id`, `link_img_id`) VALUES (3, 106);
INSERT INTO `copy`.`link_img` (`link_img_id`, `link_img`) VALUES (107, 'https://m.media-amazon.com/images/M/MV5BZDdlMDAyODQtNDJiYy00ZThiLTg2NTUtMjAyZDBhOWE0YTIzXkEyXkFqcGdeQXVyMDM2NDM2MQ@@._V1_QL75_UX820_.jpg');
INSERT INTO `copy`.`movie_img` (`movie_id`, `link_img_id`) VALUES (3, 107);
INSERT INTO `copy`.`link_img` (`link_img_id`, `link_img`) VALUES (108, 'https://m.media-amazon.com/images/M/MV5BNDgzNDZmZWYtNDI0OC00YWM3LTliZDMtNGE1ZDBmODVjYTYyXkEyXkFqcGdeQXVyMDM2NDM2MQ@@._V1_QL75_UX820_.jpg');
INSERT INTO `copy`.`movie_img` (`movie_id`, `link_img_id`) VALUES (3, 108);
INSERT INTO `copy`.`link_img` (`link_img_id`, `link_img`) VALUES (109, 'https://m.media-amazon.com/images/M/MV5BN2Q1YTg4ODktNmY2YS00ZjQ5LWI4YWUtM2QzYWE3MjdiNzc1XkEyXkFqcGdeQXVyMDM2NDM2MQ@@._V1_QL75_UX820_.jpg');
INSERT INTO `copy`.`movie_img` (`movie_id`, `link_img_id`) VALUES (3, 109);
INSERT INTO `copy`.`link_img` (`link_img_id`, `link_img`) VALUES (110, 'https://m.media-amazon.com/images/M/MV5BYWY2Mzk0MDYtODcyZi00YTFiLThiM2ItZDIzMzJkYjdjZDhmXkEyXkFqcGdeQXVyMDM2NDM2MQ@@._V1_QL75_UX820_.jpg');
INSERT INTO `copy`.`movie_img` (`movie_id`, `link_img_id`) VALUES (3, 110);
INSERT INTO `copy`.`link_img` (`link_img_id`, `link_img`) VALUES (111, 'https://m.media-amazon.com/images/M/MV5BYzYwZmY0MjAtMzk5Yi00MDU1LThmYzktNmU1ZDNlOWU5NjZkXkEyXkFqcGdeQXVyMDM2NDM2MQ@@._V1_QL75_UX820_.jpg');
INSERT INTO `copy`.`movie_img` (`movie_id`, `link_img_id`) VALUES (3, 111);
INSERT INTO `copy`.`link_img` (`link_img_id`, `link_img`) VALUES (112, 'https://m.media-amazon.com/images/M/MV5BOWE4ZTk3ZDMtY2FkZS00M2M3LWE5OTQtNzBiYzBlMzAwNzhmXkEyXkFqcGdeQXVyMDM2NDM2MQ@@._V1_QL75_UX820_.jpg');
INSERT INTO `copy`.`movie_img` (`movie_id`, `link_img_id`) VALUES (3, 112);
INSERT INTO `copy`.`link_img` (`link_img_id`, `link_img`) VALUES (113, 'https://m.media-amazon.com/images/M/MV5BM2NlNDFiYTItOTI1Mi00ODlkLTkyODAtZDkwODg5YWRjOWFhXkEyXkFqcGdeQXVyMDM2NDM2MQ@@._V1_QL75_UX820_.jpg');
INSERT INTO `copy`.`movie_img` (`movie_id`, `link_img_id`) VALUES (3, 113);
INSERT INTO `copy`.`link_img` (`link_img_id`, `link_img`) VALUES (114, 'https://m.media-amazon.com/images/M/MV5BNGQ1OGM1NWQtZjQ3ZS00MTU4LTk0NmEtNzAzNGYyODgxOTM2XkEyXkFqcGc@._V1_QL75_UX820_.jpg');
INSERT INTO `copy`.`movie_img` (`movie_id`, `link_img_id`) VALUES (3, 114);
INSERT INTO `copy`.`link_img` (`link_img_id`, `link_img`) VALUES (115, 'https://m.media-amazon.com/images/M/MV5BZDZjZGI3ZmUtODZjNi00YWU0LThiM2EtMWMzMDJkNTY5MzdlXkEyXkFqcGdeQXVyMDM2NDM2MQ@@._V1_QL75_UX820_.jpg');
INSERT INTO `copy`.`movie_img` (`movie_id`, `link_img_id`) VALUES (3, 115);
INSERT INTO `copy`.`link_img` (`link_img_id`, `link_img`) VALUES (116, 'https://m.media-amazon.com/images/M/MV5BMGMyMTg4NTQtYjdmNC00NDNlLWFhNDAtNDFlYmM1YTQzNGFkXkEyXkFqcGc@._V1_QL75_UX820_.jpg');
INSERT INTO `copy`.`movie_img` (`movie_id`, `link_img_id`) VALUES (3, 116);
INSERT INTO `copy`.`link_img` (`link_img_id`, `link_img`) VALUES (117, 'https://m.media-amazon.com/images/M/MV5BMjQ4YTNlOTUtODNkMC00NjQ0LTk3OGQtZWJiZjBmMmEzZTE5XkEyXkFqcGc@._V1_QL75_UX820_.jpg');
INSERT INTO `copy`.`movie_img` (`movie_id`, `link_img_id`) VALUES (3, 117);
INSERT INTO `copy`.`link_img` (`link_img_id`, `link_img`) VALUES (118, 'https://m.media-amazon.com/images/M/MV5BOGI2YWJmNWYtNGYxYy00YzlhLTk2ZjgtZDdhMjVjMWY1Y2U3XkEyXkFqcGc@._V1_QL75_UX820_.jpg');
INSERT INTO `copy`.`movie_img` (`movie_id`, `link_img_id`) VALUES (3, 118);
INSERT INTO `copy`.`link_img` (`link_img_id`, `link_img`) VALUES (119, 'https://m.media-amazon.com/images/M/MV5BZmI5NDIwOTgtMzJiYS00Y2FiLWIzMmMtNDk2ZDM4Mzk5MDQwXkEyXkFqcGc@._V1_QL75_UX820_.jpg');
INSERT INTO `copy`.`movie_img` (`movie_id`, `link_img_id`) VALUES (3, 119);
INSERT INTO `copy`.`link_img` (`link_img_id`, `link_img`) VALUES (120, 'https://m.media-amazon.com/images/M/MV5BMjIxYjFiYjgtMWZhOS00MzI5LWJhZDAtM2Y1MzQwN2Q5N2E3XkEyXkFqcGc@._V1_QL75_UX820_.jpg');
INSERT INTO `copy`.`movie_img` (`movie_id`, `link_img_id`) VALUES (3, 120);
INSERT INTO `copy`.`link_img` (`link_img_id`, `link_img`) VALUES (121, 'https://m.media-amazon.com/images/M/MV5BNzI4ZGJiZjktYmJjOS00NGNiLWE1ZTAtMzA2NTQyNzFiNjMyXkEyXkFqcGc@._V1_QL75_UX820_.jpg');
INSERT INTO `copy`.`movie_img` (`movie_id`, `link_img_id`) VALUES (3, 121);
INSERT INTO `copy`.`link_img` (`link_img_id`, `link_img`) VALUES (122, 'https://m.media-amazon.com/images/M/MV5BMWZhZDZiYWEtZWI5Ny00Y2E4LWIyOTQtMjZmYTIyNGE2ZjFkXkEyXkFqcGc@._V1_QL75_UX820_.jpg');
INSERT INTO `copy`.`movie_img` (`movie_id`, `link_img_id`) VALUES (3, 122);
INSERT INTO `copy`.`link_img` (`link_img_id`, `link_img`) VALUES (123, 'https://m.media-amazon.com/images/M/MV5BODhlMzc3Y2EtZWQ1MC00YzI5LTkxYTUtNmE2YTE1YmJkYmI2XkEyXkFqcGc@._V1_QL75_UX820_.jpg');
INSERT INTO `copy`.`movie_img` (`movie_id`, `link_img_id`) VALUES (3, 123);
INSERT INTO `copy`.`link_img` (`link_img_id`, `link_img`) VALUES (124, 'https://m.media-amazon.com/images/M/MV5BZGE1OGRmNjUtMTYyNC00ZmQ0LThiOTktYWUwYTdjZmI3YjAxXkEyXkFqcGdeQXVyMjQzODQ0MjU@._V1_QL75_UX820_.jpg');
INSERT INTO `copy`.`movie_img` (`movie_id`, `link_img_id`) VALUES (3, 124);
INSERT INTO `copy`.`link_img` (`link_img_id`, `link_img`) VALUES (125, 'https://m.media-amazon.com/images/M/MV5BN2M2YzNhOTEtNmExNS00MDhjLWJmNDMtZGU3YmVjMGVmOGUzXkEyXkFqcGdeQXVyMDc5ODIzMw@@._V1_QL75_UX820_.jpg');
INSERT INTO `copy`.`movie_img` (`movie_id`, `link_img_id`) VALUES (3, 125);
INSERT INTO `copy`.`link_trailler` (`link_trailler_id`, `link_trailler`) VALUES (3, 'https://imdb-video.media-imdb.com/vi1172227609/1434659529640-260ouz-1716305697074.mp4?Expires=1720036027&Signature=grkqIw-z~QMLuZFXR2pSXBFyt7p0UbbAqa~h76RCJqsOlg7aqC9raSxZazDFJR~TR2FCYkkPff506Eu55BIc7B5vbtTF4fhbnJzlLjsvCjOBO0NTuHPgH3S~UdLFT5b3Q015VXiK5vRrtomm7Mb0qKFfbVH-0kkJrr-g8Tqse0Rzn38gSE64Es~dhGShnJ6~mfr1xNAlm7Rb6lXlHUIwZIHUV82n2hGL4zmmvmas4rinvchtuwmhUFLMsVNAuhNGcVHIOhOz02jmDcu0nw-N8BKzyscKay5d0~xyXJyAqFoqGelfCwqRbLDklHGJDEKZZpKtRlaLaUwudwHtpohFGw__&Key-Pair-Id=APKAIFLZBVQZ24NQH3KA');
INSERT INTO `copy`.`movie_trailler` (`movie_id`, `link_trailler_id`) VALUES (3, 3);
UPDATE `copy`.`movieinformation` SET `main_img` = 'https://m.media-amazon.com/images/M/MV5BMjA5ZjA3ZjMtMzg2ZC00ZDc4LTk3MTctYTE1ZTUzZDIzMjQyXkEyXkFqcGdeQXVyMTM1NjM2ODg1._V1_FMjpg_UX1000_.jpg' WHERE `movie_id` = 4;
UPDATE `copy`.`movieinformation` SET `main_trailer` = 'https://imdb-video.media-imdb.com/vi1117505049/1434659529640-260ouz-1710947009897.mp4?Expires=1720036032&Signature=XcNxzeUWKAmI8qOkqovcTexZNxxcLeuaq32dzhY5uPoLmz7MCYfpN8XyGlNcbv-He3Uove2vM6CB7fbons8TzZMXjFEw2Ua1geUQvJV9Z2w0WhZJLSEIJHmz~We7CBIdRndjvYd2nInBBiIYMArnamYavhPW9caahDZ0L7H9eRO9U42LBin8KlINUl~sYG1YbeyjU11NiCZoimH~S3z540wOBiWs9pPOSQD5kWEhDg9xjVoZUtyTKzCH4zxJhaSDaObkaPobp~OnLCKAfiDSexpHemkNbiyJsevhdkCvZI0LRId9~jmPgBWw8xQrggpATInJ2GWK1BjhvzaJLWM-~g__&Key-Pair-Id=APKAIFLZBVQZ24NQH3KA' WHERE `movie_id` = 4;
INSERT INTO `copy`.`link_img` (`link_img_id`, `link_img`) VALUES (126, 'https://m.media-amazon.com/images/M/MV5BMjA5ZjA3ZjMtMzg2ZC00ZDc4LTk3MTctYTE1ZTUzZDIzMjQyXkEyXkFqcGdeQXVyMTM1NjM2ODg1._V1_FMjpg_UX1000_.jpg');
INSERT INTO `copy`.`movie_img` (`movie_id`, `link_img_id`) VALUES (4, 126);
INSERT INTO `copy`.`link_img` (`link_img_id`, `link_img`) VALUES (127, 'https://m.media-amazon.com/images/M/MV5BMmU3ZTY3MWQtY2Q3Yi00YzZkLTgzNWUtN2IzYWJkY2ZhNjc2XkEyXkFqcGdeQXVyMTM1NjM2ODg1._V1_QL75_UX820_.jpg');
INSERT INTO `copy`.`movie_img` (`movie_id`, `link_img_id`) VALUES (4, 127);
INSERT INTO `copy`.`link_img` (`link_img_id`, `link_img`) VALUES (128, 'https://m.media-amazon.com/images/M/MV5BZjg0MjkwNzQtYjhhMS00ZmFiLTgwYzQtYWQyNDliNzQyM2FhXkEyXkFqcGdeQXVyMTkxNjUyNQ@@._V1_QL75_UX820_.jpg');
INSERT INTO `copy`.`movie_img` (`movie_id`, `link_img_id`) VALUES (4, 128);
INSERT INTO `copy`.`link_img` (`link_img_id`, `link_img`) VALUES (129, 'https://m.media-amazon.com/images/M/MV5BY2U0ZjRiMTgtOGIyZS00YzZkLTg2NmMtNTVhNTFjOWJiZGE1XkEyXkFqcGdeQXVyMTkxNjUyNQ@@._V1_QL75_UX820_.jpg');
INSERT INTO `copy`.`movie_img` (`movie_id`, `link_img_id`) VALUES (4, 129);
INSERT INTO `copy`.`link_img` (`link_img_id`, `link_img`) VALUES (130, 'https://m.media-amazon.com/images/M/MV5BYTg0OGQ0YzYtNjhkOC00ZjhhLWE5YjktNTFkNDQxZWYzZTFhXkEyXkFqcGdeQXVyMTUzMTg2ODkz._V1_QL75_UX820_.jpg');
INSERT INTO `copy`.`movie_img` (`movie_id`, `link_img_id`) VALUES (4, 130);
INSERT INTO `copy`.`link_img` (`link_img_id`, `link_img`) VALUES (131, 'https://m.media-amazon.com/images/M/MV5BZjcyMmRjYTktZmQ3Yy00ODMzLTk0NDAtY2EyZmEyZGQ2N2M4XkEyXkFqcGdeQXVyMTUzMTg2ODkz._V1_QL75_UX820_.jpg');
INSERT INTO `copy`.`movie_img` (`movie_id`, `link_img_id`) VALUES (4, 131);
INSERT INTO `copy`.`link_img` (`link_img_id`, `link_img`) VALUES (132, 'https://m.media-amazon.com/images/M/MV5BNmY1ZjQ5ZmMtMDZjYy00MTdlLThjYmYtNzdhYzkyNzUwMjA2XkEyXkFqcGdeQXVyMTUzMTg2ODkz._V1_QL75_UX820_.jpg');
INSERT INTO `copy`.`movie_img` (`movie_id`, `link_img_id`) VALUES (4, 132);
INSERT INTO `copy`.`link_img` (`link_img_id`, `link_img`) VALUES (133, 'https://m.media-amazon.com/images/M/MV5BMTFiNjIxOGQtMzBjNC00OWFhLWE3MzctNzk0OGYwMGI1OTgzXkEyXkFqcGdeQXVyMTUzMTg2ODkz._V1_QL75_UX820_.jpg');
INSERT INTO `copy`.`movie_img` (`movie_id`, `link_img_id`) VALUES (4, 133);
INSERT INTO `copy`.`link_img` (`link_img_id`, `link_img`) VALUES (134, 'https://m.media-amazon.com/images/M/MV5BZjE1MjY5YWMtZDVkZS00MDczLWIxMDgtNzljMWMxNDFmOGVjXkEyXkFqcGdeQXVyMTUzMTg2ODkz._V1_QL75_UX820_.jpg');
INSERT INTO `copy`.`movie_img` (`movie_id`, `link_img_id`) VALUES (4, 134);
INSERT INTO `copy`.`link_img` (`link_img_id`, `link_img`) VALUES (135, 'https://m.media-amazon.com/images/M/MV5BZDdmNTJlNGUtNWRhZS00OWRjLTlkOGMtYTc0MjQ4NWEzMTZiXkEyXkFqcGdeQXVyMTUzMTg2ODkz._V1_QL75_UX820_.jpg');
INSERT INTO `copy`.`movie_img` (`movie_id`, `link_img_id`) VALUES (4, 135);
INSERT INTO `copy`.`link_img` (`link_img_id`, `link_img`) VALUES (136, 'https://m.media-amazon.com/images/M/MV5BZDM2MTU3OTMtNjZlOS00OWZhLWJkYTctYTk2ZDFhNjJlZjQwXkEyXkFqcGdeQXVyMTUzMTg2ODkz._V1_QL75_UX820_.jpg');
INSERT INTO `copy`.`movie_img` (`movie_id`, `link_img_id`) VALUES (4, 136);
INSERT INTO `copy`.`link_img` (`link_img_id`, `link_img`) VALUES (137, 'https://m.media-amazon.com/images/M/MV5BMGRlNjdkODAtZjJhNy00ZGE1LWFmMDctYjVlYTlkNGUzNjZkXkEyXkFqcGdeQXVyMTUzMTg2ODkz._V1_QL75_UX820_.jpg');
INSERT INTO `copy`.`movie_img` (`movie_id`, `link_img_id`) VALUES (4, 137);
INSERT INTO `copy`.`link_img` (`link_img_id`, `link_img`) VALUES (138, 'https://m.media-amazon.com/images/M/MV5BM2RjMGFmMWItMGM1NS00NThlLWIyM2ItYmM3MTIyNDY3NWM5XkEyXkFqcGdeQXVyMTUzMTg2ODkz._V1_QL75_UX820_.jpg');
INSERT INTO `copy`.`movie_img` (`movie_id`, `link_img_id`) VALUES (4, 138);
INSERT INTO `copy`.`link_img` (`link_img_id`, `link_img`) VALUES (139, 'https://m.media-amazon.com/images/M/MV5BN2I4MzJiNWYtOTk0Ni00NzFjLTgzOTgtOWY0MGJiNmU3ZGI5XkEyXkFqcGdeQXVyMTUzMTg2ODkz._V1_QL75_UX820_.jpg');
INSERT INTO `copy`.`movie_img` (`movie_id`, `link_img_id`) VALUES (4, 139);
INSERT INTO `copy`.`link_img` (`link_img_id`, `link_img`) VALUES (140, 'https://m.media-amazon.com/images/M/MV5BODNiYTRmNDctZWEzOS00YTFmLTkyODgtNmM2NmRhMmI4NWMzXkEyXkFqcGdeQXVyMTUzMTg2ODkz._V1_QL75_UX820_.jpg');
INSERT INTO `copy`.`movie_img` (`movie_id`, `link_img_id`) VALUES (4, 140);
INSERT INTO `copy`.`link_img` (`link_img_id`, `link_img`) VALUES (141, 'https://m.media-amazon.com/images/M/MV5BNjk4OWQ0MjAtNzY5MS00NTg2LWEyMDgtMWI2NTAxNmMxN2Y0XkEyXkFqcGdeQXVyMTUzMTg2ODkz._V1_QL75_UX820_.jpg');
INSERT INTO `copy`.`movie_img` (`movie_id`, `link_img_id`) VALUES (4, 141);
INSERT INTO `copy`.`link_img` (`link_img_id`, `link_img`) VALUES (142, 'https://m.media-amazon.com/images/M/MV5BODE1ZGFhM2MtYzcxMC00Y2I5LWE3NTUtOGQ5MGUwNzljMzhiXkEyXkFqcGdeQXVyMTUzMTg2ODkz._V1_QL75_UX820_.jpg');
INSERT INTO `copy`.`movie_img` (`movie_id`, `link_img_id`) VALUES (4, 142);
INSERT INTO `copy`.`link_img` (`link_img_id`, `link_img`) VALUES (143, 'https://m.media-amazon.com/images/M/MV5BY2YxN2U1MzgtNDVlNC00NDU1LTg5YzMtZmQ0ZTQyZmNkOGY3XkEyXkFqcGdeQXVyMTUzMTg2ODkz._V1_QL75_UX820_.jpg');
INSERT INTO `copy`.`movie_img` (`movie_id`, `link_img_id`) VALUES (4, 143);
INSERT INTO `copy`.`link_img` (`link_img_id`, `link_img`) VALUES (144, 'https://m.media-amazon.com/images/M/MV5BMjQ0ODRlOGEtOWExZS00MmYwLWIzNzQtNzM3MTQ2OWZjZTY1XkEyXkFqcGdeQXVyMTUzMTg2ODkz._V1_QL75_UX820_.jpg');
INSERT INTO `copy`.`movie_img` (`movie_id`, `link_img_id`) VALUES (4, 144);
INSERT INTO `copy`.`link_img` (`link_img_id`, `link_img`) VALUES (145, 'https://m.media-amazon.com/images/M/MV5BNTE0MjdlYzUtNmE0OS00MmY1LWFmNTEtMTE0OTQyOTA3MjczXkEyXkFqcGdeQXVyMTY3ODkyNDkz._V1_QL75_UX820_.jpg');
INSERT INTO `copy`.`movie_img` (`movie_id`, `link_img_id`) VALUES (4, 145);
INSERT INTO `copy`.`link_img` (`link_img_id`, `link_img`) VALUES (146, 'https://m.media-amazon.com/images/M/MV5BNzM0ZjM2ZTUtNjRkYi00NWI2LWE1MjAtOGE5NzNiMDMyMThjXkEyXkFqcGdeQXVyMTY3ODkyNDkz._V1_QL75_UX820_.jpg');
INSERT INTO `copy`.`movie_img` (`movie_id`, `link_img_id`) VALUES (4, 146);
INSERT INTO `copy`.`link_img` (`link_img_id`, `link_img`) VALUES (147, 'https://m.media-amazon.com/images/M/MV5BMjA5ZjA3ZjMtMzg2ZC00ZDc4LTk3MTctYTE1ZTUzZDIzMjQyXkEyXkFqcGdeQXVyMTM1NjM2ODg1._V1_QL75_UX820_.jpg');
INSERT INTO `copy`.`movie_img` (`movie_id`, `link_img_id`) VALUES (4, 147);
INSERT INTO `copy`.`link_img` (`link_img_id`, `link_img`) VALUES (148, 'https://m.media-amazon.com/images/M/MV5BZWU0ZGE2YjAtMjliOC00MDhjLWIwNGYtZDU4YWQ2YzlhY2RlXkEyXkFqcGdeQXVyMTY3ODkyNDkz._V1_QL75_UX820_.jpg');
INSERT INTO `copy`.`movie_img` (`movie_id`, `link_img_id`) VALUES (4, 148);
INSERT INTO `copy`.`link_img` (`link_img_id`, `link_img`) VALUES (149, 'https://m.media-amazon.com/images/M/MV5BMzRiOTJkYmMtMjlhZC00YTM4LTkwYjAtZjMwZGFjMmM4MWQ3XkEyXkFqcGdeQXVyMTY3ODkyNDkz._V1_QL75_UX820_.jpg');
INSERT INTO `copy`.`movie_img` (`movie_id`, `link_img_id`) VALUES (4, 149);
INSERT INTO `copy`.`link_img` (`link_img_id`, `link_img`) VALUES (150, 'https://m.media-amazon.com/images/M/MV5BZTY2MGE3MGQtZTJkNi00OWYyLThkZTYtZTdjNWQ4YTA1MjQyXkEyXkFqcGdeQXVyMTUzMTg2ODkz._V1_QL75_UX820_.jpg');
INSERT INTO `copy`.`movie_img` (`movie_id`, `link_img_id`) VALUES (4, 150);
INSERT INTO `copy`.`link_img` (`link_img_id`, `link_img`) VALUES (151, 'https://m.media-amazon.com/images/M/MV5BZDY0MWNiY2MtNThiMS00Mjk4LTkxNjktMmM5OGM4Y2E1YjQzXkEyXkFqcGdeQXVyMTUzMTg2ODkz._V1_QL75_UX820_.jpg');
INSERT INTO `copy`.`movie_img` (`movie_id`, `link_img_id`) VALUES (4, 151);
INSERT INTO `copy`.`link_img` (`link_img_id`, `link_img`) VALUES (152, 'https://m.media-amazon.com/images/M/MV5BYzQ5YTk2NjItNDVhOC00OTM0LTllZjUtMTMxM2VlYTM4NTFhXkEyXkFqcGdeQXVyMTUzMTg2ODkz._V1_QL75_UX820_.jpg');
INSERT INTO `copy`.`movie_img` (`movie_id`, `link_img_id`) VALUES (4, 152);
INSERT INTO `copy`.`link_img` (`link_img_id`, `link_img`) VALUES (153, 'https://m.media-amazon.com/images/M/MV5BMzkwOGUxYzctZDRlZS00YmZkLTk2YjktMGNlYmI1NjQ5NzljXkEyXkFqcGdeQXVyMTAxNzQ1NzI@._V1_QL75_UX820_.jpg');
INSERT INTO `copy`.`movie_img` (`movie_id`, `link_img_id`) VALUES (4, 153);
INSERT INTO `copy`.`link_img` (`link_img_id`, `link_img`) VALUES (154, 'https://m.media-amazon.com/images/M/MV5BNDhkYjkzNTctNWE2NS00Yjg0LWFjZGQtNTk5ZmZhZDgyZjk5XkEyXkFqcGc@._V1_QL75_UX820_.jpg');
INSERT INTO `copy`.`movie_img` (`movie_id`, `link_img_id`) VALUES (4, 154);
INSERT INTO `copy`.`link_img` (`link_img_id`, `link_img`) VALUES (155, 'https://m.media-amazon.com/images/M/MV5BZTE4ZjE5ZTMtNTZhNi00NWJlLWFlOGUtMGRhZGE2M2Q0NjZlXkEyXkFqcGc@._V1_QL75_UX820_.jpg');
INSERT INTO `copy`.`movie_img` (`movie_id`, `link_img_id`) VALUES (4, 155);
INSERT INTO `copy`.`link_img` (`link_img_id`, `link_img`) VALUES (156, 'https://m.media-amazon.com/images/M/MV5BZjBkNzk2YzUtMzI3OS00OWQxLWE2NTctZDk4MGFkZTM4MjRkXkEyXkFqcGc@._V1_QL75_UX820_.jpg');
INSERT INTO `copy`.`movie_img` (`movie_id`, `link_img_id`) VALUES (4, 156);
INSERT INTO `copy`.`link_img` (`link_img_id`, `link_img`) VALUES (157, 'https://m.media-amazon.com/images/M/MV5BYzljYzJmNjYtZjc4ZS00YjE2LTljYTItNTVjNzQ3MTViNjQ5XkEyXkFqcGc@._V1_QL75_UX820_.jpg');
INSERT INTO `copy`.`movie_img` (`movie_id`, `link_img_id`) VALUES (4, 157);
INSERT INTO `copy`.`link_img` (`link_img_id`, `link_img`) VALUES (158, 'https://m.media-amazon.com/images/M/MV5BNWY0ODE1MGMtODg0YS00N2E4LTg3NmItMjFhODU4N2QzNzRiXkEyXkFqcGc@._V1_QL75_UX820_.jpg');
INSERT INTO `copy`.`movie_img` (`movie_id`, `link_img_id`) VALUES (4, 158);
INSERT INTO `copy`.`link_img` (`link_img_id`, `link_img`) VALUES (159, 'https://m.media-amazon.com/images/M/MV5BYTFhYjZmZGMtYTUzZC00NjdlLTk5OWItOTNlNDhlMGY5MjQ4XkEyXkFqcGc@._V1_QL75_UX820_.jpg');
INSERT INTO `copy`.`movie_img` (`movie_id`, `link_img_id`) VALUES (4, 159);
INSERT INTO `copy`.`link_img` (`link_img_id`, `link_img`) VALUES (160, 'https://m.media-amazon.com/images/M/MV5BOWI3NWVhNmItNjAwOS00YmNkLWI5NDEtN2RmN2RmMGYwMDNmXkEyXkFqcGc@._V1_QL75_UX820_.jpg');
INSERT INTO `copy`.`movie_img` (`movie_id`, `link_img_id`) VALUES (4, 160);
INSERT INTO `copy`.`link_img` (`link_img_id`, `link_img`) VALUES (161, 'https://m.media-amazon.com/images/M/MV5BYTc2YmY0NGItM2I0ZC00YjBiLTk1NWQtYTE0OTA1NzBkNTNmXkEyXkFqcGc@._V1_QL75_UX820_.jpg');
INSERT INTO `copy`.`movie_img` (`movie_id`, `link_img_id`) VALUES (4, 161);
INSERT INTO `copy`.`link_img` (`link_img_id`, `link_img`) VALUES (162, 'https://m.media-amazon.com/images/M/MV5BMjI0MTBmZDMtZGJmNi00N2ZhLWFlODgtOGE3MDE4MmFlNGIzXkEyXkFqcGc@._V1_QL75_UX820_.jpg');
INSERT INTO `copy`.`movie_img` (`movie_id`, `link_img_id`) VALUES (4, 162);
INSERT INTO `copy`.`link_img` (`link_img_id`, `link_img`) VALUES (163, 'https://m.media-amazon.com/images/M/MV5BZDlkMDNmYTAtYjg2MC00NmU0LWFkMmEtZjM5MWE4NTM5YThmXkEyXkFqcGc@._V1_QL75_UX820_.jpg');
INSERT INTO `copy`.`movie_img` (`movie_id`, `link_img_id`) VALUES (4, 163);
INSERT INTO `copy`.`link_img` (`link_img_id`, `link_img`) VALUES (164, 'https://m.media-amazon.com/images/M/MV5BZDNmMGUxOWQtMDkyMS00NTUwLWEwYzEtOGMzYTRiNDUyNzZhXkEyXkFqcGc@._V1_QL75_UX820_.jpg');
INSERT INTO `copy`.`movie_img` (`movie_id`, `link_img_id`) VALUES (4, 164);
INSERT INTO `copy`.`link_img` (`link_img_id`, `link_img`) VALUES (165, 'https://m.media-amazon.com/images/M/MV5BNGRlMWQ2NzQtNTAwZS00OWM3LTg5NjEtYmFmNWFjMzA3MGMxXkEyXkFqcGc@._V1_QL75_UX820_.jpg');
INSERT INTO `copy`.`movie_img` (`movie_id`, `link_img_id`) VALUES (4, 165);
INSERT INTO `copy`.`link_img` (`link_img_id`, `link_img`) VALUES (166, 'https://m.media-amazon.com/images/M/MV5BZmMyMWE1OWQtYTUxNS00ZTFkLTlkMzAtYzZkYzdkYTQ3YjZjXkEyXkFqcGc@._V1_QL75_UX820_.jpg');
INSERT INTO `copy`.`movie_img` (`movie_id`, `link_img_id`) VALUES (4, 166);
INSERT INTO `copy`.`link_img` (`link_img_id`, `link_img`) VALUES (167, 'https://m.media-amazon.com/images/M/MV5BNDEzZmZkMGItOGRjYi00YzNjLWJhZDEtOTc5ZjVkN2RmNjRhXkEyXkFqcGc@._V1_QL75_UX820_.jpg');
INSERT INTO `copy`.`movie_img` (`movie_id`, `link_img_id`) VALUES (4, 167);
INSERT INTO `copy`.`link_img` (`link_img_id`, `link_img`) VALUES (168, 'https://m.media-amazon.com/images/M/MV5BM2UxNTk2M2QtYWE2Mi00YmU1LWFkNjYtMWM5N2I2OGZjMDgxXkEyXkFqcGc@._V1_QL75_UX820_.jpg');
INSERT INTO `copy`.`movie_img` (`movie_id`, `link_img_id`) VALUES (4, 168);
INSERT INTO `copy`.`link_img` (`link_img_id`, `link_img`) VALUES (169, 'https://m.media-amazon.com/images/M/MV5BNDdiMWYxMzUtNWVmMC00YTQ2LTllODUtNzU2M2ViM2YzMjUxXkEyXkFqcGc@._V1_QL75_UX820_.jpg');
INSERT INTO `copy`.`movie_img` (`movie_id`, `link_img_id`) VALUES (4, 169);
INSERT INTO `copy`.`link_img` (`link_img_id`, `link_img`) VALUES (170, 'https://m.media-amazon.com/images/M/MV5BZjU5ZjQ5ODAtYjc2Ny00Mzg3LWFhZmYtYzQwODcwNzY0ZmU3XkEyXkFqcGc@._V1_QL75_UX820_.jpg');
INSERT INTO `copy`.`movie_img` (`movie_id`, `link_img_id`) VALUES (4, 170);
INSERT INTO `copy`.`link_img` (`link_img_id`, `link_img`) VALUES (171, 'https://m.media-amazon.com/images/M/MV5BNzgxN2M0ZTQtYTEwYi00NGY3LTgwNmMtOWFhNGQ0NzdkMjg0XkEyXkFqcGc@._V1_QL75_UX820_.jpg');
INSERT INTO `copy`.`movie_img` (`movie_id`, `link_img_id`) VALUES (4, 171);
INSERT INTO `copy`.`link_img` (`link_img_id`, `link_img`) VALUES (172, 'https://m.media-amazon.com/images/M/MV5BZWI0N2U1NGYtNDBkYy00ZTQxLWE2OWYtZDJiMTJkMmZiZGViXkEyXkFqcGc@._V1_QL75_UX820_.jpg');
INSERT INTO `copy`.`movie_img` (`movie_id`, `link_img_id`) VALUES (4, 172);
INSERT INTO `copy`.`link_img` (`link_img_id`, `link_img`) VALUES (173, 'https://m.media-amazon.com/images/M/MV5BYjU1OWRmMzEtYTczMC00NmQxLTkzZWMtMmM1NzczNTg2ODg0XkEyXkFqcGc@._V1_QL75_UX820_.jpg');
INSERT INTO `copy`.`movie_img` (`movie_id`, `link_img_id`) VALUES (4, 173);
INSERT INTO `copy`.`link_img` (`link_img_id`, `link_img`) VALUES (174, 'https://m.media-amazon.com/images/M/MV5BZGVhYzU3OTgtMzVhNS00YzEzLWJiNTQtMTI0MGNjNWY4NTIxXkEyXkFqcGc@._V1_QL75_UX820_.jpg');
INSERT INTO `copy`.`movie_img` (`movie_id`, `link_img_id`) VALUES (4, 174);
INSERT INTO `copy`.`link_img` (`link_img_id`, `link_img`) VALUES (175, 'https://m.media-amazon.com/images/M/MV5BNTEyYWE2YTEtYjQ3Ny00NzAwLWI5NWEtNzQ4NGNhNGZkYTNiXkEyXkFqcGc@._V1_QL75_UX820_.jpg');
INSERT INTO `copy`.`movie_img` (`movie_id`, `link_img_id`) VALUES (4, 175);
INSERT INTO `copy`.`link_img` (`link_img_id`, `link_img`) VALUES (176, 'https://m.media-amazon.com/images/M/MV5BNDEyNGJhZWItNzRhMy00MmMyLTkxYTEtOWRmNzk4MmY5M2EwXkEyXkFqcGc@._V1_QL75_UX820_.jpg');
INSERT INTO `copy`.`movie_img` (`movie_id`, `link_img_id`) VALUES (4, 176);
INSERT INTO `copy`.`link_trailler` (`link_trailler_id`, `link_trailler`) VALUES (4, 'https://imdb-video.media-imdb.com/vi1117505049/1434659529640-260ouz-1710947009897.mp4?Expires=1720036032&Signature=XcNxzeUWKAmI8qOkqovcTexZNxxcLeuaq32dzhY5uPoLmz7MCYfpN8XyGlNcbv-He3Uove2vM6CB7fbons8TzZMXjFEw2Ua1geUQvJV9Z2w0WhZJLSEIJHmz~We7CBIdRndjvYd2nInBBiIYMArnamYavhPW9caahDZ0L7H9eRO9U42LBin8KlINUl~sYG1YbeyjU11NiCZoimH~S3z540wOBiWs9pPOSQD5kWEhDg9xjVoZUtyTKzCH4zxJhaSDaObkaPobp~OnLCKAfiDSexpHemkNbiyJsevhdkCvZI0LRId9~jmPgBWw8xQrggpATInJ2GWK1BjhvzaJLWM-~g__&Key-Pair-Id=APKAIFLZBVQZ24NQH3KA');
INSERT INTO `copy`.`movie_trailler` (`movie_id`, `link_trailler_id`) VALUES (4, 4);
UPDATE `copy`.`movieinformation` SET `main_img` = 'https://m.media-amazon.com/images/M/MV5BMDM5ODBiN2ItOTk4Yi00NzgyLWE2YTktYzhjYTc2ODE4ZTE4XkEyXkFqcGc@._V1_FMjpg_UX1000_.jpg' WHERE `movie_id` = 5;
UPDATE `copy`.`movieinformation` SET `main_trailer` = 'https://imdb-video.media-imdb.com/vi368166425/1434659529640-260ouz-1712671072467.mp4?Expires=1720036036&Signature=C6HyKmh9oZmOLjGd9RE3mf3pY6~hCrH7vHIX54cA5OJnfx~uvNGjhjER-sZI5hoV-fVq9manz59ICaWIPzOFx2siwKxHdEiNegO6yiADDuhm8oSAUh8rUer0UzlIfROzwKYT59OCQ3t4MBoN5RSZ4k2QXPtJ9vWK-2SiPG1LQIR9zz~QBZE1qPfw~Nc52wOWb7X81HUdUsxQUormHvakzGxNpxG7X~xrV9dvVACNty9Sz6DQkUxdsiqiS6hYqUc99hyMuOiEAInL2btMY2QaUA3iwZ0gWI-owk0Jes6x2indLu7amPGIJnOxh0Q-LrbGykF86Geuj8w94CEkrQbUYg__&Key-Pair-Id=APKAIFLZBVQZ24NQH3KA' WHERE `movie_id` = 5;
INSERT INTO `copy`.`link_img` (`link_img_id`, `link_img`) VALUES (177, 'https://m.media-amazon.com/images/M/MV5BMDM5ODBiN2ItOTk4Yi00NzgyLWE2YTktYzhjYTc2ODE4ZTE4XkEyXkFqcGc@._V1_FMjpg_UX1000_.jpg');
INSERT INTO `copy`.`movie_img` (`movie_id`, `link_img_id`) VALUES (5, 177);
INSERT INTO `copy`.`link_img` (`link_img_id`, `link_img`) VALUES (178, 'https://m.media-amazon.com/images/M/MV5BZjg4OTZiNTktZjIyYS00ODUyLWE1ZjgtZWE4Y2FkZjFkZjNlXkEyXkFqcGc@._V1_QL75_UX820_.jpg');
INSERT INTO `copy`.`movie_img` (`movie_id`, `link_img_id`) VALUES (5, 178);
INSERT INTO `copy`.`link_img` (`link_img_id`, `link_img`) VALUES (179, 'https://m.media-amazon.com/images/M/MV5BYWQ2OTZlMmUtYTMxNi00YTc2LTkzOTMtZDllNDgyMWY0OWY0XkEyXkFqcGc@._V1_QL75_UX820_.jpg');
INSERT INTO `copy`.`movie_img` (`movie_id`, `link_img_id`) VALUES (5, 179);
INSERT INTO `copy`.`link_img` (`link_img_id`, `link_img`) VALUES (180, 'https://m.media-amazon.com/images/M/MV5BOGE5OGY5NzMtN2VjYS00OWRkLThmODEtZjQ2ZTgzNzgyOWE1XkEyXkFqcGc@._V1_QL75_UX820_.jpg');
INSERT INTO `copy`.`movie_img` (`movie_id`, `link_img_id`) VALUES (5, 180);
INSERT INTO `copy`.`link_img` (`link_img_id`, `link_img`) VALUES (181, 'https://m.media-amazon.com/images/M/MV5BNzEwZjVmYzctOGUxMC00MjVjLTk0ZDUtZGU3NGIxZDdhODdiXkEyXkFqcGc@._V1_QL75_UX820_.jpg');
INSERT INTO `copy`.`movie_img` (`movie_id`, `link_img_id`) VALUES (5, 181);
INSERT INTO `copy`.`link_img` (`link_img_id`, `link_img`) VALUES (182, 'https://m.media-amazon.com/images/M/MV5BMDM5ODBiN2ItOTk4Yi00NzgyLWE2YTktYzhjYTc2ODE4ZTE4XkEyXkFqcGc@._V1_QL75_UX820_.jpg');
INSERT INTO `copy`.`movie_img` (`movie_id`, `link_img_id`) VALUES (5, 182);
INSERT INTO `copy`.`link_img` (`link_img_id`, `link_img`) VALUES (183, 'https://m.media-amazon.com/images/M/MV5BNDg4ZTM2OWQtNDgyZS00OWI2LWE1YTMtOThlMDQ2ZDczMGE1XkEyXkFqcGc@._V1_QL75_UX820_.jpg');
INSERT INTO `copy`.`movie_img` (`movie_id`, `link_img_id`) VALUES (5, 183);
INSERT INTO `copy`.`link_img` (`link_img_id`, `link_img`) VALUES (184, 'https://m.media-amazon.com/images/M/MV5BYTBhZGY4ZWMtMWVhMy00YTY4LWFmNDUtMmJiOWEwMmIzYmM2XkEyXkFqcGc@._V1_QL75_UX820_.jpg');
INSERT INTO `copy`.`movie_img` (`movie_id`, `link_img_id`) VALUES (5, 184);
INSERT INTO `copy`.`link_img` (`link_img_id`, `link_img`) VALUES (185, 'https://m.media-amazon.com/images/M/MV5BZDk0NGJjYzQtNmM2MC00NDRkLWJhOGQtODg0Nzk4MDdiMmI3XkEyXkFqcGc@._V1_QL75_UX820_.jpg');
INSERT INTO `copy`.`movie_img` (`movie_id`, `link_img_id`) VALUES (5, 185);
INSERT INTO `copy`.`link_img` (`link_img_id`, `link_img`) VALUES (186, 'https://m.media-amazon.com/images/M/MV5BYzMzZTU2NjQtMTMwMS00MDg3LWE0YjUtZTVkZTk1ZjY0ZDBlXkEyXkFqcGc@._V1_QL75_UX820_.jpg');
INSERT INTO `copy`.`movie_img` (`movie_id`, `link_img_id`) VALUES (5, 186);
INSERT INTO `copy`.`link_img` (`link_img_id`, `link_img`) VALUES (187, 'https://m.media-amazon.com/images/M/MV5BOWNjOWRjNDMtMTVmNS00ZjlhLWFmMGYtYWIxYzYxYjA5OGZlXkEyXkFqcGc@._V1_QL75_UX820_.jpg');
INSERT INTO `copy`.`movie_img` (`movie_id`, `link_img_id`) VALUES (5, 187);
INSERT INTO `copy`.`link_img` (`link_img_id`, `link_img`) VALUES (188, 'https://m.media-amazon.com/images/M/MV5BZWExM2I2ZGMtMjk1Ni00YzVjLWJlMDUtMGFkODM2Y2U2MDMxXkEyXkFqcGc@._V1_QL75_UX820_.jpg');
INSERT INTO `copy`.`movie_img` (`movie_id`, `link_img_id`) VALUES (5, 188);
INSERT INTO `copy`.`link_img` (`link_img_id`, `link_img`) VALUES (189, 'https://m.media-amazon.com/images/M/MV5BODMyZjY0MGEtN2ZlZC00YTA1LWEyN2YtY2I2ZTljMTIyNzg2XkEyXkFqcGc@._V1_QL75_UX820_.jpg');
INSERT INTO `copy`.`movie_img` (`movie_id`, `link_img_id`) VALUES (5, 189);
INSERT INTO `copy`.`link_img` (`link_img_id`, `link_img`) VALUES (190, 'https://m.media-amazon.com/images/M/MV5BN2M1MTJhZGUtNjMwYy00ZGE3LWE1MzctYmE3YzdiY2YwNzQwXkEyXkFqcGc@._V1_QL75_UX820_.jpg');
INSERT INTO `copy`.`movie_img` (`movie_id`, `link_img_id`) VALUES (5, 190);
INSERT INTO `copy`.`link_img` (`link_img_id`, `link_img`) VALUES (191, 'https://m.media-amazon.com/images/M/MV5BNWE4ZDYyMzctNjE1ZC00MTA2LThlMWItNGIyMmZkZTc2ZDc4XkEyXkFqcGc@._V1_QL75_UX820_.jpg');
INSERT INTO `copy`.`movie_img` (`movie_id`, `link_img_id`) VALUES (5, 191);
INSERT INTO `copy`.`link_img` (`link_img_id`, `link_img`) VALUES (192, 'https://m.media-amazon.com/images/M/MV5BMDEwZTViNzQtNzIzMy00NjEzLWFkZTQtYmNmYjYyMzM4N2Y5XkEyXkFqcGc@._V1_QL75_UX820_.jpg');
INSERT INTO `copy`.`movie_img` (`movie_id`, `link_img_id`) VALUES (5, 192);
INSERT INTO `copy`.`link_img` (`link_img_id`, `link_img`) VALUES (193, 'https://m.media-amazon.com/images/M/MV5BMTljNmZkOTktNTQ1NS00ZTRlLWI4ZTUtMzAxZDI3YzE0YzQyXkEyXkFqcGc@._V1_QL75_UX820_.jpg');
INSERT INTO `copy`.`movie_img` (`movie_id`, `link_img_id`) VALUES (5, 193);
INSERT INTO `copy`.`link_img` (`link_img_id`, `link_img`) VALUES (194, 'https://m.media-amazon.com/images/M/MV5BMjJkOGQ2ODYtYjNlNS00ZDU5LTg0MWItYWVmZmNhOTc4ODY3XkEyXkFqcGc@._V1_QL75_UX820_.jpg');
INSERT INTO `copy`.`movie_img` (`movie_id`, `link_img_id`) VALUES (5, 194);
INSERT INTO `copy`.`link_img` (`link_img_id`, `link_img`) VALUES (195, 'https://m.media-amazon.com/images/M/MV5BNWY4NWRlYzAtMjJjMi00NDJjLThlM2EtNTdlZjczMWM5MGY4XkEyXkFqcGc@._V1_QL75_UX820_.jpg');
INSERT INTO `copy`.`movie_img` (`movie_id`, `link_img_id`) VALUES (5, 195);
INSERT INTO `copy`.`link_img` (`link_img_id`, `link_img`) VALUES (196, 'https://m.media-amazon.com/images/M/MV5BOWRlMmNiMTMtYzM3NC00YWQ1LTg1MTQtNGQ0NzlmNDhmOTI4XkEyXkFqcGdeQXVyMzA4MDA0Mjc@._V1_QL75_UX820_.jpg');
INSERT INTO `copy`.`movie_img` (`movie_id`, `link_img_id`) VALUES (5, 196);
INSERT INTO `copy`.`link_img` (`link_img_id`, `link_img`) VALUES (197, 'https://m.media-amazon.com/images/M/MV5BZGM5MzlkMmEtOTNhMS00NmMyLTg1NmEtZGQzNmRmZjYyMDNiXkEyXkFqcGdeQXVyMzA4MDA0Mjc@._V1_QL75_UX820_.jpg');
INSERT INTO `copy`.`movie_img` (`movie_id`, `link_img_id`) VALUES (5, 197);
INSERT INTO `copy`.`link_img` (`link_img_id`, `link_img`) VALUES (198, 'https://m.media-amazon.com/images/M/MV5BMGI3OTFmOWQtNTYzMC00NGRjLTkwMGQtMjBlY2I3ZWNlNThhXkEyXkFqcGc@._V1_QL75_UX820_.jpg');
INSERT INTO `copy`.`movie_img` (`movie_id`, `link_img_id`) VALUES (5, 198);
INSERT INTO `copy`.`link_img` (`link_img_id`, `link_img`) VALUES (199, 'https://m.media-amazon.com/images/M/MV5BOGQ2ZTRkNzAtZDRiOC00ZjMwLWFjMDEtYzBkNGIxZGQ1ZGJjXkEyXkFqcGc@._V1_QL75_UX820_.jpg');
INSERT INTO `copy`.`movie_img` (`movie_id`, `link_img_id`) VALUES (5, 199);
INSERT INTO `copy`.`link_img` (`link_img_id`, `link_img`) VALUES (200, 'https://m.media-amazon.com/images/M/MV5BZmYwYjM0OWUtODUxYi00NTFjLTk5MzQtOTlkMTA0Y2UyODU4XkEyXkFqcGdeQXVyMTY4NDc5NzUw._V1_QL75_UX820_.jpg');
INSERT INTO `copy`.`movie_img` (`movie_id`, `link_img_id`) VALUES (5, 200);
INSERT INTO `copy`.`link_img` (`link_img_id`, `link_img`) VALUES (201, 'https://m.media-amazon.com/images/M/MV5BOTkxODYyOWEtZGU5NC00ZGJiLTljNTUtMzhhY2Y1YTgyZmFiXkEyXkFqcGc@._V1_QL75_UX820_.jpg');
INSERT INTO `copy`.`movie_img` (`movie_id`, `link_img_id`) VALUES (5, 201);
INSERT INTO `copy`.`link_img` (`link_img_id`, `link_img`) VALUES (202, 'https://m.media-amazon.com/images/M/MV5BZWMzYzFjMjUtYmJlYy00NTQxLWJiMzgtNDJhZDM2ZGU1ZGFmXkEyXkFqcGc@._V1_QL75_UX820_.jpg');
INSERT INTO `copy`.`movie_img` (`movie_id`, `link_img_id`) VALUES (5, 202);
INSERT INTO `copy`.`link_img` (`link_img_id`, `link_img`) VALUES (203, 'https://m.media-amazon.com/images/M/MV5BZDU5ZGM1ZDMtMzczNC00NWFhLTkzMGYtYjEyYjMzMDA1ZDViXkEyXkFqcGc@._V1_QL75_UX820_.jpg');
INSERT INTO `copy`.`movie_img` (`movie_id`, `link_img_id`) VALUES (5, 203);
INSERT INTO `copy`.`link_img` (`link_img_id`, `link_img`) VALUES (204, 'https://m.media-amazon.com/images/M/MV5BNDZjNDAyZTEtZDIwNS00YmY1LWE4NGMtMGZhMzU3MGYwMzU3XkEyXkFqcGc@._V1_QL75_UX820_.jpg');
INSERT INTO `copy`.`movie_img` (`movie_id`, `link_img_id`) VALUES (5, 204);
INSERT INTO `copy`.`link_img` (`link_img_id`, `link_img`) VALUES (205, 'https://m.media-amazon.com/images/M/MV5BZDI2YTM5N2ItNTM0NS00ZjY3LWI4YTEtNTgwMDM0ZmRkODVmXkEyXkFqcGc@._V1_QL75_UX820_.jpg');
INSERT INTO `copy`.`movie_img` (`movie_id`, `link_img_id`) VALUES (5, 205);
INSERT INTO `copy`.`link_img` (`link_img_id`, `link_img`) VALUES (206, 'https://m.media-amazon.com/images/M/MV5BMzA2NDUwOTItMGRiNy00ZDhiLWE2MTQtZjk2OWJiM2ZkMDU4XkEyXkFqcGc@._V1_QL75_UX820_.jpg');
INSERT INTO `copy`.`movie_img` (`movie_id`, `link_img_id`) VALUES (5, 206);
INSERT INTO `copy`.`link_img` (`link_img_id`, `link_img`) VALUES (207, 'https://m.media-amazon.com/images/M/MV5BMjA2OGE4NDYtN2EwZi00YTllLWJiZWEtOTY3YjM1OGYwOGY0XkEyXkFqcGdeQXVyMDc5ODIzMw@@._V1_QL75_UX820_.jpg');
INSERT INTO `copy`.`movie_img` (`movie_id`, `link_img_id`) VALUES (5, 207);
INSERT INTO `copy`.`link_img` (`link_img_id`, `link_img`) VALUES (208, 'https://m.media-amazon.com/images/M/MV5BOTY4NzY0ODQtNDUzMC00ZjBmLWE3N2EtMzc3ZGY1MzA4ODM2XkEyXkFqcGdeQXVyMTE5MjY5ODA2._V1_QL75_UX820_.jpg');
INSERT INTO `copy`.`movie_img` (`movie_id`, `link_img_id`) VALUES (5, 208);
INSERT INTO `copy`.`link_trailler` (`link_trailler_id`, `link_trailler`) VALUES (5, 'https://imdb-video.media-imdb.com/vi368166425/1434659529640-260ouz-1712671072467.mp4?Expires=1720036036&Signature=C6HyKmh9oZmOLjGd9RE3mf3pY6~hCrH7vHIX54cA5OJnfx~uvNGjhjER-sZI5hoV-fVq9manz59ICaWIPzOFx2siwKxHdEiNegO6yiADDuhm8oSAUh8rUer0UzlIfROzwKYT59OCQ3t4MBoN5RSZ4k2QXPtJ9vWK-2SiPG1LQIR9zz~QBZE1qPfw~Nc52wOWb7X81HUdUsxQUormHvakzGxNpxG7X~xrV9dvVACNty9Sz6DQkUxdsiqiS6hYqUc99hyMuOiEAInL2btMY2QaUA3iwZ0gWI-owk0Jes6x2indLu7amPGIJnOxh0Q-LrbGykF86Geuj8w94CEkrQbUYg__&Key-Pair-Id=APKAIFLZBVQZ24NQH3KA');
INSERT INTO `copy`.`movie_trailler` (`movie_id`, `link_trailler_id`) VALUES (5, 5);
UPDATE `copy`.`movieinformation` SET `main_img` = 'https://m.media-amazon.com/images/M/MV5BYTYyODhlODktYjUzNC00NjUyLWI1MzYtNmI0MTY3YTUxYjY2XkEyXkFqcGdeQXVyMTkxNjUyNQ@@._V1_FMjpg_UX1000_.jpg' WHERE `movie_id` = 6;
UPDATE `copy`.`movieinformation` SET `main_trailer` = 'https://imdb-video.media-imdb.com/vi4004955673/1434659529640-260ouz-1708439157724.mp4?Expires=1720036041&Signature=tbBvvBCDBZA3VtFz6i9BZoDAVbLfSV2F-xIgY1DMA-d2E-iuW6ZOVZSPSCIy64yh-bB3GtfCFRDXE~y1joFWv4iT5SdCKxtpKiEgmp4JS4~~VakUONuKrQXjMx1hAUdCSSaVXd-QCqH6i1Td2ZU8jUKsAAjYFeqc~v5drrn7yQQ2P4q~kkuBgJ8Ng-mEGf5zvTlI20~umZVgjyxTxMZlrA7GGF4Mo559IzYQJkeFJ-DEo-20yUmqM8niFWuRVpvOYqVVbyVKF1dGJsSAYRESJOqrWrseyz4x2J1jF94zg-8WVXJryArcLp9Oc9A58p94o2XT8Drj9oPj64Ip884BhA__&Key-Pair-Id=APKAIFLZBVQZ24NQH3KA' WHERE `movie_id` = 6;
INSERT INTO `copy`.`link_img` (`link_img_id`, `link_img`) VALUES (209, 'https://m.media-amazon.com/images/M/MV5BYTYyODhlODktYjUzNC00NjUyLWI1MzYtNmI0MTY3YTUxYjY2XkEyXkFqcGdeQXVyMTkxNjUyNQ@@._V1_FMjpg_UX1000_.jpg');
INSERT INTO `copy`.`movie_img` (`movie_id`, `link_img_id`) VALUES (6, 209);
INSERT INTO `copy`.`link_img` (`link_img_id`, `link_img`) VALUES (210, 'https://m.media-amazon.com/images/M/MV5BNTUxMmZmODgtOTY1YS00NjE4LThmMjYtMjhjMDYzZGJmNTNiXkEyXkFqcGdeQXVyMTUzMTg2ODkz._V1_QL75_UX820_.jpg');
INSERT INTO `copy`.`movie_img` (`movie_id`, `link_img_id`) VALUES (6, 210);
INSERT INTO `copy`.`link_img` (`link_img_id`, `link_img`) VALUES (211, 'https://m.media-amazon.com/images/M/MV5BMzcyZTg1NmUtODc1My00NDdkLTk3NTktMDBiNDI3YmQxZWE0XkEyXkFqcGdeQXVyMTUzMTg2ODkz._V1_QL75_UX820_.jpg');
INSERT INTO `copy`.`movie_img` (`movie_id`, `link_img_id`) VALUES (6, 211);
INSERT INTO `copy`.`link_img` (`link_img_id`, `link_img`) VALUES (212, 'https://m.media-amazon.com/images/M/MV5BNWYwMGM1NDYtZDllZS00YmUwLWE4OTktOThmMDQ1NGQyZjNhXkEyXkFqcGdeQXVyMDM2NDM2MQ@@._V1_QL75_UX820_.jpg');
INSERT INTO `copy`.`movie_img` (`movie_id`, `link_img_id`) VALUES (6, 212);
INSERT INTO `copy`.`link_img` (`link_img_id`, `link_img`) VALUES (213, 'https://m.media-amazon.com/images/M/MV5BYTI4ZTQyMzItYWNhZS00MmEwLWEwYWYtYWQyZDNiNWQxNTRjXkEyXkFqcGdeQXVyMTUzMTg2ODkz._V1_QL75_UX820_.jpg');
INSERT INTO `copy`.`movie_img` (`movie_id`, `link_img_id`) VALUES (6, 213);
INSERT INTO `copy`.`link_img` (`link_img_id`, `link_img`) VALUES (214, 'https://m.media-amazon.com/images/M/MV5BZThlMWI5MTgtMDg4OC00ZDI5LThmMjUtMjQ3YTEwMzA3YjQ1XkEyXkFqcGdeQXVyMTUzMTg2ODkz._V1_QL75_UX820_.jpg');
INSERT INTO `copy`.`movie_img` (`movie_id`, `link_img_id`) VALUES (6, 214);
INSERT INTO `copy`.`link_img` (`link_img_id`, `link_img`) VALUES (215, 'https://m.media-amazon.com/images/M/MV5BOWRkODg5NDYtNDU4NC00OTQ0LWFjOTYtYTg5NDZjZjJkZDVjXkEyXkFqcGdeQXVyMTUzMTg2ODkz._V1_QL75_UX820_.jpg');
INSERT INTO `copy`.`movie_img` (`movie_id`, `link_img_id`) VALUES (6, 215);
INSERT INTO `copy`.`link_img` (`link_img_id`, `link_img`) VALUES (216, 'https://m.media-amazon.com/images/M/MV5BMDViYjIyOTktY2RiOC00Y2NiLTkzZjAtNTM4MTFlMzY4NTdjXkEyXkFqcGdeQXVyMTUzMTg2ODkz._V1_QL75_UX820_.jpg');
INSERT INTO `copy`.`movie_img` (`movie_id`, `link_img_id`) VALUES (6, 216);
INSERT INTO `copy`.`link_img` (`link_img_id`, `link_img`) VALUES (217, 'https://m.media-amazon.com/images/M/MV5BYWZhZDE4NmUtZmY2MC00Mjg5LThhNzMtZjU5NDVhNWFkMmJmXkEyXkFqcGdeQXVyMTY3ODkyNDkz._V1_QL75_UX820_.jpg');
INSERT INTO `copy`.`movie_img` (`movie_id`, `link_img_id`) VALUES (6, 217);
INSERT INTO `copy`.`link_img` (`link_img_id`, `link_img`) VALUES (218, 'https://m.media-amazon.com/images/M/MV5BZDg2OTljN2YtY2Q4Zi00YTFiLThmNTAtMjA4NjE3YzE4Y2E2XkEyXkFqcGdeQXVyMTUzMTg2ODkz._V1_QL75_UX820_.jpg');
INSERT INTO `copy`.`movie_img` (`movie_id`, `link_img_id`) VALUES (6, 218);
INSERT INTO `copy`.`link_img` (`link_img_id`, `link_img`) VALUES (219, 'https://m.media-amazon.com/images/M/MV5BYTQzMDMyYmQtYWEyYS00NWYwLTkzMjUtN2UzZGMwZDBjZDA0XkEyXkFqcGdeQXVyMTY3ODkyNDkz._V1_QL75_UX820_.jpg');
INSERT INTO `copy`.`movie_img` (`movie_id`, `link_img_id`) VALUES (6, 219);
INSERT INTO `copy`.`link_img` (`link_img_id`, `link_img`) VALUES (220, 'https://m.media-amazon.com/images/M/MV5BNzhmYmRhN2MtZDRkNy00YTNmLWFmNDEtOGI0MmRiOTM4ZjRiXkEyXkFqcGdeQXVyMTY3ODkyNDkz._V1_QL75_UX820_.jpg');
INSERT INTO `copy`.`movie_img` (`movie_id`, `link_img_id`) VALUES (6, 220);
INSERT INTO `copy`.`link_img` (`link_img_id`, `link_img`) VALUES (221, 'https://m.media-amazon.com/images/M/MV5BNzQ5MjA5ZmUtMjIzOC00YWVlLTgwYTUtNTVmNTI0N2RmNDk0XkEyXkFqcGdeQXVyMTY3ODkyNDkz._V1_QL75_UX820_.jpg');
INSERT INTO `copy`.`movie_img` (`movie_id`, `link_img_id`) VALUES (6, 221);
INSERT INTO `copy`.`link_img` (`link_img_id`, `link_img`) VALUES (222, 'https://m.media-amazon.com/images/M/MV5BODhkZTJmOGQtNmQ1ZC00OTU5LWFjMzAtN2I4ZDc5YjBlODEwXkEyXkFqcGdeQXVyMTY3ODkyNDkz._V1_QL75_UX820_.jpg');
INSERT INTO `copy`.`movie_img` (`movie_id`, `link_img_id`) VALUES (6, 222);
INSERT INTO `copy`.`link_img` (`link_img_id`, `link_img`) VALUES (223, 'https://m.media-amazon.com/images/M/MV5BOTBlMzNlYTgtYTgxYi00YzkwLThhZDQtY2YwMmJkYTBmZjI3XkEyXkFqcGdeQXVyMTY3ODkyNDkz._V1_QL75_UX820_.jpg');
INSERT INTO `copy`.`movie_img` (`movie_id`, `link_img_id`) VALUES (6, 223);
INSERT INTO `copy`.`link_img` (`link_img_id`, `link_img`) VALUES (224, 'https://m.media-amazon.com/images/M/MV5BYTYyODhlODktYjUzNC00NjUyLWI1MzYtNmI0MTY3YTUxYjY2XkEyXkFqcGdeQXVyMTkxNjUyNQ@@._V1_QL75_UX820_.jpg');
INSERT INTO `copy`.`movie_img` (`movie_id`, `link_img_id`) VALUES (6, 224);
INSERT INTO `copy`.`link_img` (`link_img_id`, `link_img`) VALUES (225, 'https://m.media-amazon.com/images/M/MV5BY2Y5Yzk4NGYtZTI2Yi00Zjk4LWIwZmQtMmFlZDQ5YmNjYzE5XkEyXkFqcGdeQXVyMTUzMTg2ODkz._V1_QL75_UX820_.jpg');
INSERT INTO `copy`.`movie_img` (`movie_id`, `link_img_id`) VALUES (6, 225);
INSERT INTO `copy`.`link_img` (`link_img_id`, `link_img`) VALUES (226, 'https://m.media-amazon.com/images/M/MV5BNTg0Zjg2ODgtMmRjOS00ZmY2LWJhNDQtNjZlOTAwNTZhNDVkXkEyXkFqcGc@._V1_QL75_UX820_.jpg');
INSERT INTO `copy`.`movie_img` (`movie_id`, `link_img_id`) VALUES (6, 226);
INSERT INTO `copy`.`link_img` (`link_img_id`, `link_img`) VALUES (227, 'https://m.media-amazon.com/images/M/MV5BNGY0OGYzMjYtZTM2Ny00NmVjLTg5YTUtM2U4ZjExNmI3MmE2XkEyXkFqcGc@._V1_QL75_UX820_.jpg');
INSERT INTO `copy`.`movie_img` (`movie_id`, `link_img_id`) VALUES (6, 227);
INSERT INTO `copy`.`link_img` (`link_img_id`, `link_img`) VALUES (228, 'https://m.media-amazon.com/images/M/MV5BNmY3YjU4NTgtYjY0NC00MjNlLWE0MDQtNDdmZjM4NzhkYWQ0XkEyXkFqcGc@._V1_QL75_UX820_.jpg');
INSERT INTO `copy`.`movie_img` (`movie_id`, `link_img_id`) VALUES (6, 228);
INSERT INTO `copy`.`link_img` (`link_img_id`, `link_img`) VALUES (229, 'https://m.media-amazon.com/images/M/MV5BZWNiODkyNDItOTdkNC00YWIyLWI1MzYtMzg0YjFjMGMzYThhXkEyXkFqcGc@._V1_QL75_UX820_.jpg');
INSERT INTO `copy`.`movie_img` (`movie_id`, `link_img_id`) VALUES (6, 229);
INSERT INTO `copy`.`link_img` (`link_img_id`, `link_img`) VALUES (230, 'https://m.media-amazon.com/images/M/MV5BZmY5ZjNiZDgtMjJkOC00N2Y4LWI5NTItNDhjNTlhYWYzZTE2XkEyXkFqcGc@._V1_QL75_UX820_.jpg');
INSERT INTO `copy`.`movie_img` (`movie_id`, `link_img_id`) VALUES (6, 230);
INSERT INTO `copy`.`link_img` (`link_img_id`, `link_img`) VALUES (231, 'https://m.media-amazon.com/images/M/MV5BYjY5NWVjMzQtNTMxOC00MjUxLWIyYTctYzhjNmUxYjExNDA5XkEyXkFqcGc@._V1_QL75_UX820_.jpg');
INSERT INTO `copy`.`movie_img` (`movie_id`, `link_img_id`) VALUES (6, 231);
INSERT INTO `copy`.`link_img` (`link_img_id`, `link_img`) VALUES (232, 'https://m.media-amazon.com/images/M/MV5BMTg4MTZhNjQtYjQ1OC00YWJkLWJlMWMtMWY1Y2VkOWZlODY4XkEyXkFqcGc@._V1_QL75_UX820_.jpg');
INSERT INTO `copy`.`movie_img` (`movie_id`, `link_img_id`) VALUES (6, 232);
INSERT INTO `copy`.`link_img` (`link_img_id`, `link_img`) VALUES (233, 'https://m.media-amazon.com/images/M/MV5BOTkwYmZmMGMtYjQ2ZS00ODcyLTk4N2ItMjZhZGM4MGQ2NWYwXkEyXkFqcGc@._V1_QL75_UX820_.jpg');
INSERT INTO `copy`.`movie_img` (`movie_id`, `link_img_id`) VALUES (6, 233);
INSERT INTO `copy`.`link_img` (`link_img_id`, `link_img`) VALUES (234, 'https://m.media-amazon.com/images/M/MV5BYmVkMzhmYzMtMjkxNy00NWEzLTgyODQtN2M0NDQ3NDNiMWY5XkEyXkFqcGc@._V1_QL75_UX820_.jpg');
INSERT INTO `copy`.`movie_img` (`movie_id`, `link_img_id`) VALUES (6, 234);
INSERT INTO `copy`.`link_img` (`link_img_id`, `link_img`) VALUES (235, 'https://m.media-amazon.com/images/M/MV5BMjFiNDJlOWQtOGM5NC00NDdjLWI1YjktYTZkOGVlMDBhNWI2XkEyXkFqcGc@._V1_QL75_UX820_.jpg');
INSERT INTO `copy`.`movie_img` (`movie_id`, `link_img_id`) VALUES (6, 235);
INSERT INTO `copy`.`link_img` (`link_img_id`, `link_img`) VALUES (236, 'https://m.media-amazon.com/images/M/MV5BNzI1OGIzMTgtOWIyNC00ZDhhLWI5ZjMtZDkyZDJjNTRhYTY1XkEyXkFqcGc@._V1_QL75_UX820_.jpg');
INSERT INTO `copy`.`movie_img` (`movie_id`, `link_img_id`) VALUES (6, 236);
INSERT INTO `copy`.`link_img` (`link_img_id`, `link_img`) VALUES (237, 'https://m.media-amazon.com/images/M/MV5BZWEzYWEwMzktMTYyYS00NDNjLWI3ZGMtMTU1NDdiMWRlYmI0XkEyXkFqcGc@._V1_QL75_UX820_.jpg');
INSERT INTO `copy`.`movie_img` (`movie_id`, `link_img_id`) VALUES (6, 237);
INSERT INTO `copy`.`link_img` (`link_img_id`, `link_img`) VALUES (238, 'https://m.media-amazon.com/images/M/MV5BYWJkMDkxODMtNzYwYy00MTNhLTk5ZDUtZGI4NmYzMTdjMGEwXkEyXkFqcGc@._V1_QL75_UX820_.jpg');
INSERT INTO `copy`.`movie_img` (`movie_id`, `link_img_id`) VALUES (6, 238);
INSERT INTO `copy`.`link_img` (`link_img_id`, `link_img`) VALUES (239, 'https://m.media-amazon.com/images/M/MV5BMWE5NDE1NzAtY2E4MC00MDkwLTk1YjQtODQ2NmI2NTBjYTExXkEyXkFqcGc@._V1_QL75_UX820_.jpg');
INSERT INTO `copy`.`movie_img` (`movie_id`, `link_img_id`) VALUES (6, 239);
INSERT INTO `copy`.`link_img` (`link_img_id`, `link_img`) VALUES (240, 'https://m.media-amazon.com/images/M/MV5BZmZiYzlkYTMtMWE1Yy00MGFkLThhYWEtMWU5OTU4M2VjNGQzXkEyXkFqcGc@._V1_QL75_UX820_.jpg');
INSERT INTO `copy`.`movie_img` (`movie_id`, `link_img_id`) VALUES (6, 240);
INSERT INTO `copy`.`link_img` (`link_img_id`, `link_img`) VALUES (241, 'https://m.media-amazon.com/images/M/MV5BNzcwMzIwZTMtZDk0OC00MTg2LWJhOGQtZTRhN2JhZDZjZjBlXkEyXkFqcGc@._V1_QL75_UX820_.jpg');
INSERT INTO `copy`.`movie_img` (`movie_id`, `link_img_id`) VALUES (6, 241);
INSERT INTO `copy`.`link_img` (`link_img_id`, `link_img`) VALUES (242, 'https://m.media-amazon.com/images/M/MV5BODRhMGVhYjktMDY4Zi00Mjc0LWE1YjMtYTcyMzliNTk0NWUzXkEyXkFqcGc@._V1_QL75_UX820_.jpg');
INSERT INTO `copy`.`movie_img` (`movie_id`, `link_img_id`) VALUES (6, 242);
INSERT INTO `copy`.`link_img` (`link_img_id`, `link_img`) VALUES (243, 'https://m.media-amazon.com/images/M/MV5BNzMxMmM1MTItMGUwMi00NGI2LWJmZDktNWI2MTY4YTI2ZDgzXkEyXkFqcGc@._V1_QL75_UX820_.jpg');
INSERT INTO `copy`.`movie_img` (`movie_id`, `link_img_id`) VALUES (6, 243);
INSERT INTO `copy`.`link_img` (`link_img_id`, `link_img`) VALUES (244, 'https://m.media-amazon.com/images/M/MV5BNDY0YzA2OGYtZjZiMS00NDlhLTg4MjktODRiYmJlYmU4NDIyXkEyXkFqcGc@._V1_QL75_UX820_.jpg');
INSERT INTO `copy`.`movie_img` (`movie_id`, `link_img_id`) VALUES (6, 244);
INSERT INTO `copy`.`link_img` (`link_img_id`, `link_img`) VALUES (245, 'https://m.media-amazon.com/images/M/MV5BMGZjNWUwN2EtMjA5MC00Y2IzLTlkODEtNmY2ZmVmMzZhZmZhXkEyXkFqcGc@._V1_QL75_UX820_.jpg');
INSERT INTO `copy`.`movie_img` (`movie_id`, `link_img_id`) VALUES (6, 245);
INSERT INTO `copy`.`link_img` (`link_img_id`, `link_img`) VALUES (246, 'https://m.media-amazon.com/images/M/MV5BOWNhMTM5MTctMDUyZC00YmE4LThjMTAtMTcxYThkZDdmOWVmXkEyXkFqcGc@._V1_QL75_UX820_.jpg');
INSERT INTO `copy`.`movie_img` (`movie_id`, `link_img_id`) VALUES (6, 246);
INSERT INTO `copy`.`link_img` (`link_img_id`, `link_img`) VALUES (247, 'https://m.media-amazon.com/images/M/MV5BOTczM2JmMzYtNzExYS00NDlhLWI0MGYtNGU5YTE4ZDAzNGRkXkEyXkFqcGc@._V1_QL75_UX820_.jpg');
INSERT INTO `copy`.`movie_img` (`movie_id`, `link_img_id`) VALUES (6, 247);
INSERT INTO `copy`.`link_img` (`link_img_id`, `link_img`) VALUES (248, 'https://m.media-amazon.com/images/M/MV5BNmQzODIyMDEtZjI2NC00NWQ4LWIzYjItMmZkODgwZGM0ODE0XkEyXkFqcGc@._V1_QL75_UX820_.jpg');
INSERT INTO `copy`.`movie_img` (`movie_id`, `link_img_id`) VALUES (6, 248);
INSERT INTO `copy`.`link_img` (`link_img_id`, `link_img`) VALUES (249, 'https://m.media-amazon.com/images/M/MV5BN2FkM2M0NTEtMzQ2ZS00ZTIyLTk4NmUtZWJjMzNlYjljMTg0XkEyXkFqcGc@._V1_QL75_UX820_.jpg');
INSERT INTO `copy`.`movie_img` (`movie_id`, `link_img_id`) VALUES (6, 249);
INSERT INTO `copy`.`link_img` (`link_img_id`, `link_img`) VALUES (250, 'https://m.media-amazon.com/images/M/MV5BNTIyNDE1ODItMzdmNC00YTk1LTk2NWQtYjVkZDBkZGY1NTAxXkEyXkFqcGc@._V1_QL75_UX820_.jpg');
INSERT INTO `copy`.`movie_img` (`movie_id`, `link_img_id`) VALUES (6, 250);
INSERT INTO `copy`.`link_img` (`link_img_id`, `link_img`) VALUES (251, 'https://m.media-amazon.com/images/M/MV5BNzUyNDY5N2EtMGI2ZC00YjgwLWFlNjUtMzlmYTg3NzU1NmI1XkEyXkFqcGc@._V1_QL75_UX820_.jpg');
INSERT INTO `copy`.`movie_img` (`movie_id`, `link_img_id`) VALUES (6, 251);
INSERT INTO `copy`.`link_img` (`link_img_id`, `link_img`) VALUES (252, 'https://m.media-amazon.com/images/M/MV5BMGI5OGJiMmItMjkyYi00YTliLWJmY2ItY2UxZjdjNTY5OWI3XkEyXkFqcGc@._V1_QL75_UX820_.jpg');
INSERT INTO `copy`.`movie_img` (`movie_id`, `link_img_id`) VALUES (6, 252);
INSERT INTO `copy`.`link_img` (`link_img_id`, `link_img`) VALUES (253, 'https://m.media-amazon.com/images/M/MV5BOTM3YTg2YjMtMGE0NS00NGY4LTliNTEtMDBhYTI5ODBhYzY3XkEyXkFqcGc@._V1_QL75_UX820_.jpg');
INSERT INTO `copy`.`movie_img` (`movie_id`, `link_img_id`) VALUES (6, 253);
INSERT INTO `copy`.`link_img` (`link_img_id`, `link_img`) VALUES (254, 'https://m.media-amazon.com/images/M/MV5BZDQ1NTVlMGItNTZhMi00Mjg5LWFlZmMtNDgxYzQ1MGNhNjE2XkEyXkFqcGc@._V1_QL75_UX820_.jpg');
INSERT INTO `copy`.`movie_img` (`movie_id`, `link_img_id`) VALUES (6, 254);
INSERT INTO `copy`.`link_img` (`link_img_id`, `link_img`) VALUES (255, 'https://m.media-amazon.com/images/M/MV5BNjY0ZjMxY2EtNzgzZC00YzBiLTk3Y2UtZjdjODc1ZTgwN2QzXkEyXkFqcGc@._V1_QL75_UX820_.jpg');
INSERT INTO `copy`.`movie_img` (`movie_id`, `link_img_id`) VALUES (6, 255);
INSERT INTO `copy`.`link_img` (`link_img_id`, `link_img`) VALUES (256, 'https://m.media-amazon.com/images/M/MV5BNjdmN2E0YzMtMzU4YS00Y2E1LWFiNmItNzI5ZGFmMTYyYmI2XkEyXkFqcGc@._V1_QL75_UX820_.jpg');
INSERT INTO `copy`.`movie_img` (`movie_id`, `link_img_id`) VALUES (6, 256);
INSERT INTO `copy`.`link_img` (`link_img_id`, `link_img`) VALUES (257, 'https://m.media-amazon.com/images/M/MV5BZWU0MjBiYjUtZjNkZS00YzZjLThkYTItZjllZTE2Yzg3MDFhXkEyXkFqcGc@._V1_QL75_UX820_.jpg');
INSERT INTO `copy`.`movie_img` (`movie_id`, `link_img_id`) VALUES (6, 257);
INSERT INTO `copy`.`link_img` (`link_img_id`, `link_img`) VALUES (258, 'https://m.media-amazon.com/images/M/MV5BODc0NjY0ZWUtNDNkNS00ZWY2LThiNDAtYmVlMjM1MDdkMjE2XkEyXkFqcGc@._V1_QL75_UX820_.jpg');
INSERT INTO `copy`.`movie_img` (`movie_id`, `link_img_id`) VALUES (6, 258);
INSERT INTO `copy`.`link_img` (`link_img_id`, `link_img`) VALUES (259, 'https://m.media-amazon.com/images/M/MV5BNTY4ZTNmZTEtZTE4NC00Njc0LWE1NGItNWZlZmU3MDFiODk4XkEyXkFqcGc@._V1_QL75_UX820_.jpg');
INSERT INTO `copy`.`movie_img` (`movie_id`, `link_img_id`) VALUES (6, 259);
INSERT INTO `copy`.`link_trailler` (`link_trailler_id`, `link_trailler`) VALUES (6, 'https://imdb-video.media-imdb.com/vi4004955673/1434659529640-260ouz-1708439157724.mp4?Expires=1720036041&Signature=tbBvvBCDBZA3VtFz6i9BZoDAVbLfSV2F-xIgY1DMA-d2E-iuW6ZOVZSPSCIy64yh-bB3GtfCFRDXE~y1joFWv4iT5SdCKxtpKiEgmp4JS4~~VakUONuKrQXjMx1hAUdCSSaVXd-QCqH6i1Td2ZU8jUKsAAjYFeqc~v5drrn7yQQ2P4q~kkuBgJ8Ng-mEGf5zvTlI20~umZVgjyxTxMZlrA7GGF4Mo559IzYQJkeFJ-DEo-20yUmqM8niFWuRVpvOYqVVbyVKF1dGJsSAYRESJOqrWrseyz4x2J1jF94zg-8WVXJryArcLp9Oc9A58p94o2XT8Drj9oPj64Ip884BhA__&Key-Pair-Id=APKAIFLZBVQZ24NQH3KA');
INSERT INTO `copy`.`movie_trailler` (`movie_id`, `link_trailler_id`) VALUES (6, 6);
UPDATE `copy`.`movieinformation` SET `main_img` = 'https://m.media-amazon.com/images/M/MV5BN2QyZGU4ZDctOWMzMy00NTc5LThlOGQtODhmNDI1NmY5YzAwXkEyXkFqcGdeQXVyMDM2NDM2MQ@@._V1_FMjpg_UX1000_.jpg' WHERE `movie_id` = 7;
UPDATE `copy`.`movieinformation` SET `main_trailer` = 'https://imdb-video.media-imdb.com/vi3332425241/1434659529640-260ouz-1709136917577.mp4?Expires=1720036045&Signature=UCAPIZsfXbdTqydwXy-ROhxtezz7tkwx4siSgTLuaFtAJGcG-0cQtIbjUzOZA9NCP5LSorQI2TcBodnKqwWwyml3S2hWdFUjYXM~2LpHsrLj73c6LcSFrHmH8vK-yvgo~HmDjjuRSH0QzJjDQ4wkA4LrwmmiXcAQC7lDii4PM9h1~VZ37IRm8avEGt~QG0F8s85f8nIxowoI-bVJ3aCZDRL7RG7P3LqbW3REmModvqjyKY0Mx7rblpaL3nlOYOtMmXOHXrmJ98AMPYMaVBz5ZgP2ftGm-8mDuoGsyl-n734mxyuqp3w0a2qPZnOQaPlcZEIB-mVqNnyzVbBVCaxnBw__&Key-Pair-Id=APKAIFLZBVQZ24NQH3KA' WHERE `movie_id` = 7;
INSERT INTO `copy`.`link_img` (`link_img_id`, `link_img`) VALUES (260, 'https://m.media-amazon.com/images/M/MV5BN2QyZGU4ZDctOWMzMy00NTc5LThlOGQtODhmNDI1NmY5YzAwXkEyXkFqcGdeQXVyMDM2NDM2MQ@@._V1_FMjpg_UX1000_.jpg');
INSERT INTO `copy`.`movie_img` (`movie_id`, `link_img_id`) VALUES (7, 260);
INSERT INTO `copy`.`link_img` (`link_img_id`, `link_img`) VALUES (261, 'https://m.media-amazon.com/images/M/MV5BNWI1NzFkZWEtYjAwYS00Y2QzLTliZjgtMzUwYjdhMWNjNzM0XkEyXkFqcGdeQXVyMTUzMTg2ODkz._V1_QL75_UX820_.jpg');
INSERT INTO `copy`.`movie_img` (`movie_id`, `link_img_id`) VALUES (7, 261);
INSERT INTO `copy`.`link_img` (`link_img_id`, `link_img`) VALUES (262, 'https://m.media-amazon.com/images/M/MV5BNDM5NmI3Y2ItNjcwYy00MDQxLWI0ODMtY2ViZmU1M2Q2OGM4XkEyXkFqcGdeQXVyMTUzMTg2ODkz._V1_QL75_UX820_.jpg');
INSERT INTO `copy`.`movie_img` (`movie_id`, `link_img_id`) VALUES (7, 262);
INSERT INTO `copy`.`link_img` (`link_img_id`, `link_img`) VALUES (263, 'https://m.media-amazon.com/images/M/MV5BZjE3MjEzOTctZTliOC00YjVkLWJiNmItOGEzZTgxMGJhNzY5XkEyXkFqcGdeQXVyMDM2NDM2MQ@@._V1_QL75_UX820_.jpg');
INSERT INTO `copy`.`movie_img` (`movie_id`, `link_img_id`) VALUES (7, 263);
INSERT INTO `copy`.`link_img` (`link_img_id`, `link_img`) VALUES (264, 'https://m.media-amazon.com/images/M/MV5BNGIwOTczY2EtNTgzMy00MzM4LWE1NjctNDM2ZWUzMzFmYjRlXkEyXkFqcGdeQXVyMDM2NDM2MQ@@._V1_QL75_UX820_.jpg');
INSERT INTO `copy`.`movie_img` (`movie_id`, `link_img_id`) VALUES (7, 264);
INSERT INTO `copy`.`link_img` (`link_img_id`, `link_img`) VALUES (265, 'https://m.media-amazon.com/images/M/MV5BMDc0MDBlMmItZWE5Yy00MjQ1LThhZDQtNDI4MzcxNmEyZTE1XkEyXkFqcGdeQXVyMDM2NDM2MQ@@._V1_QL75_UX820_.jpg');
INSERT INTO `copy`.`movie_img` (`movie_id`, `link_img_id`) VALUES (7, 265);
INSERT INTO `copy`.`link_img` (`link_img_id`, `link_img`) VALUES (266, 'https://m.media-amazon.com/images/M/MV5BMGE4MmNiOTQtZmUwOS00MjUyLThjYzAtNzI5Y2E5OGFjZWQxXkEyXkFqcGdeQXVyMDM2NDM2MQ@@._V1_QL75_UX820_.jpg');
INSERT INTO `copy`.`movie_img` (`movie_id`, `link_img_id`) VALUES (7, 266);
INSERT INTO `copy`.`link_img` (`link_img_id`, `link_img`) VALUES (267, 'https://m.media-amazon.com/images/M/MV5BMjI3YjQ2M2ItMzAwOC00NzM2LThiY2YtZWFjYTYzYjk1MGMyXkEyXkFqcGdeQXVyMTUzMTg2ODkz._V1_QL75_UX820_.jpg');
INSERT INTO `copy`.`movie_img` (`movie_id`, `link_img_id`) VALUES (7, 267);
INSERT INTO `copy`.`link_img` (`link_img_id`, `link_img`) VALUES (268, 'https://m.media-amazon.com/images/M/MV5BNDFlZWUwYTMtNjI0MC00MDJiLTg0YjEtYWY0Nzc5ZTlhOWYwXkEyXkFqcGdeQXVyMTUzMTg2ODkz._V1_QL75_UX820_.jpg');
INSERT INTO `copy`.`movie_img` (`movie_id`, `link_img_id`) VALUES (7, 268);
INSERT INTO `copy`.`link_img` (`link_img_id`, `link_img`) VALUES (269, 'https://m.media-amazon.com/images/M/MV5BODkzZTcxYTktMmZhYi00OTcyLTk5NTktOTNjMzgzZWJjZGUwXkEyXkFqcGdeQXVyMTUzMTg2ODkz._V1_QL75_UX820_.jpg');
INSERT INTO `copy`.`movie_img` (`movie_id`, `link_img_id`) VALUES (7, 269);
INSERT INTO `copy`.`link_img` (`link_img_id`, `link_img`) VALUES (270, 'https://m.media-amazon.com/images/M/MV5BYTlmYWM3NDMtMjVkYi00ZmMxLWE5MTgtM2YzMzgxOTYxOTliXkEyXkFqcGdeQXVyMDM2NDM2MQ@@._V1_QL75_UX820_.jpg');
INSERT INTO `copy`.`movie_img` (`movie_id`, `link_img_id`) VALUES (7, 270);
INSERT INTO `copy`.`link_img` (`link_img_id`, `link_img`) VALUES (271, 'https://m.media-amazon.com/images/M/MV5BN2I3NTY5ODMtZWE5Yy00OWUzLWE5NmUtNDA3NzNiODFhZTFhXkEyXkFqcGdeQXVyMDM2NDM2MQ@@._V1_QL75_UX820_.jpg');
INSERT INTO `copy`.`movie_img` (`movie_id`, `link_img_id`) VALUES (7, 271);
INSERT INTO `copy`.`link_img` (`link_img_id`, `link_img`) VALUES (272, 'https://m.media-amazon.com/images/M/MV5BNmY1M2FjNGItZjAzZS00NTExLTk5OGEtOWFhMzM4NWU2NDkyXkEyXkFqcGdeQXVyMDM2NDM2MQ@@._V1_QL75_UX820_.jpg');
INSERT INTO `copy`.`movie_img` (`movie_id`, `link_img_id`) VALUES (7, 272);
INSERT INTO `copy`.`link_img` (`link_img_id`, `link_img`) VALUES (273, 'https://m.media-amazon.com/images/M/MV5BNjc0YTIxYzUtYjljZC00MTQ4LWI5MTAtYjk4NTlmZWM2ODQ5XkEyXkFqcGdeQXVyMDM2NDM2MQ@@._V1_QL75_UX820_.jpg');
INSERT INTO `copy`.`movie_img` (`movie_id`, `link_img_id`) VALUES (7, 273);
INSERT INTO `copy`.`link_img` (`link_img_id`, `link_img`) VALUES (274, 'https://m.media-amazon.com/images/M/MV5BOTU0Y2NmYzYtYmEzMC00NTk4LWFlZDAtYjYwMjI5ZThjMTlmXkEyXkFqcGdeQXVyMDM2NDM2MQ@@._V1_QL75_UX820_.jpg');
INSERT INTO `copy`.`movie_img` (`movie_id`, `link_img_id`) VALUES (7, 274);
INSERT INTO `copy`.`link_img` (`link_img_id`, `link_img`) VALUES (275, 'https://m.media-amazon.com/images/M/MV5BNTBjMzI5OTYtNzQ1Yi00ZTVmLTg4NTQtNzQyYmUxNGU2OGM5XkEyXkFqcGdeQXVyMDM2NDM2MQ@@._V1_QL75_UX820_.jpg');
INSERT INTO `copy`.`movie_img` (`movie_id`, `link_img_id`) VALUES (7, 275);
INSERT INTO `copy`.`link_img` (`link_img_id`, `link_img`) VALUES (276, 'https://m.media-amazon.com/images/M/MV5BMzM3NmZlZTAtY2U1MS00YzUxLWE4YmQtODk5MDAxOTI0NmY0XkEyXkFqcGdeQXVyMDM2NDM2MQ@@._V1_QL75_UX820_.jpg');
INSERT INTO `copy`.`movie_img` (`movie_id`, `link_img_id`) VALUES (7, 276);
INSERT INTO `copy`.`link_img` (`link_img_id`, `link_img`) VALUES (277, 'https://m.media-amazon.com/images/M/MV5BNTgzNmMyOTYtMWI2Ni00MTJkLTk1NzAtY2JkYjRiMzVjNjI5XkEyXkFqcGdeQXVyMDM2NDM2MQ@@._V1_QL75_UX820_.jpg');
INSERT INTO `copy`.`movie_img` (`movie_id`, `link_img_id`) VALUES (7, 277);
INSERT INTO `copy`.`link_img` (`link_img_id`, `link_img`) VALUES (278, 'https://m.media-amazon.com/images/M/MV5BZjg0YWQzYWEtMWY3ZS00ZDg0LTljYjAtYmY1MWJhYzJjOGYxXkEyXkFqcGdeQXVyMDM2NDM2MQ@@._V1_QL75_UX820_.jpg');
INSERT INTO `copy`.`movie_img` (`movie_id`, `link_img_id`) VALUES (7, 278);
INSERT INTO `copy`.`link_img` (`link_img_id`, `link_img`) VALUES (279, 'https://m.media-amazon.com/images/M/MV5BMzJkN2YwZTYtYjE3YS00NzdkLWJlMDMtOTJhODQxNzk4ZjJjXkEyXkFqcGdeQXVyMDM2NDM2MQ@@._V1_QL75_UX820_.jpg');
INSERT INTO `copy`.`movie_img` (`movie_id`, `link_img_id`) VALUES (7, 279);
INSERT INTO `copy`.`link_img` (`link_img_id`, `link_img`) VALUES (280, 'https://m.media-amazon.com/images/M/MV5BNDVmNzk5NjAtZjY5Ny00OTEyLTgzMjgtYTJmZDFkMzgwOWYzXkEyXkFqcGdeQXVyMDM2NDM2MQ@@._V1_QL75_UX820_.jpg');
INSERT INTO `copy`.`movie_img` (`movie_id`, `link_img_id`) VALUES (7, 280);
INSERT INTO `copy`.`link_img` (`link_img_id`, `link_img`) VALUES (281, 'https://m.media-amazon.com/images/M/MV5BNmFiYmRlOTUtNWExMy00NGM0LWEzNDUtNDk1MWRiMjRmODljXkEyXkFqcGdeQXVyMDM2NDM2MQ@@._V1_QL75_UX820_.jpg');
INSERT INTO `copy`.`movie_img` (`movie_id`, `link_img_id`) VALUES (7, 281);
INSERT INTO `copy`.`link_img` (`link_img_id`, `link_img`) VALUES (282, 'https://m.media-amazon.com/images/M/MV5BMDQwYmRiNjItNjNlOC00ZjViLTlmNTgtOWFiMWNkNjU4Y2I5XkEyXkFqcGdeQXVyMDM2NDM2MQ@@._V1_QL75_UX820_.jpg');
INSERT INTO `copy`.`movie_img` (`movie_id`, `link_img_id`) VALUES (7, 282);
INSERT INTO `copy`.`link_img` (`link_img_id`, `link_img`) VALUES (283, 'https://m.media-amazon.com/images/M/MV5BNjMxYjViZWYtZWZmNy00ZjVmLWJjMzAtNTIxNTFkZTRmMmU4XkEyXkFqcGdeQXVyMDM2NDM2MQ@@._V1_QL75_UX820_.jpg');
INSERT INTO `copy`.`movie_img` (`movie_id`, `link_img_id`) VALUES (7, 283);
INSERT INTO `copy`.`link_img` (`link_img_id`, `link_img`) VALUES (284, 'https://m.media-amazon.com/images/M/MV5BYzEyMGQ2MTktNzYxMC00N2YxLTk5ZWItNGQ5NzE4MDZlM2I4XkEyXkFqcGdeQXVyMDM2NDM2MQ@@._V1_QL75_UX820_.jpg');
INSERT INTO `copy`.`movie_img` (`movie_id`, `link_img_id`) VALUES (7, 284);
INSERT INTO `copy`.`link_img` (`link_img_id`, `link_img`) VALUES (285, 'https://m.media-amazon.com/images/M/MV5BYzc4N2ZjOTktMjQzZC00NGVjLWI3ZDgtOTFiNDk2NDkyNGY1XkEyXkFqcGdeQXVyMDM2NDM2MQ@@._V1_QL75_UX820_.jpg');
INSERT INTO `copy`.`movie_img` (`movie_id`, `link_img_id`) VALUES (7, 285);
INSERT INTO `copy`.`link_img` (`link_img_id`, `link_img`) VALUES (286, 'https://m.media-amazon.com/images/M/MV5BYzZmN2ZiOWItYWI0Zi00MDBjLWJlNzYtOTUzYzYxMDA5ZTNlXkEyXkFqcGdeQXVyMDM2NDM2MQ@@._V1_QL75_UX820_.jpg');
INSERT INTO `copy`.`movie_img` (`movie_id`, `link_img_id`) VALUES (7, 286);
INSERT INTO `copy`.`link_img` (`link_img_id`, `link_img`) VALUES (287, 'https://m.media-amazon.com/images/M/MV5BYmEyZDUyMDUtMjVlMC00N2EzLWJkYjctNjIxZmU3YWYwYTk1XkEyXkFqcGdeQXVyMDM2NDM2MQ@@._V1_QL75_UX820_.jpg');
INSERT INTO `copy`.`movie_img` (`movie_id`, `link_img_id`) VALUES (7, 287);
INSERT INTO `copy`.`link_img` (`link_img_id`, `link_img`) VALUES (288, 'https://m.media-amazon.com/images/M/MV5BZDc2NzkwOGYtOWQ1Ni00Zjc1LWEwYjctNGFmNjI2ZGJiMGU0XkEyXkFqcGdeQXVyMDM2NDM2MQ@@._V1_QL75_UX820_.jpg');
INSERT INTO `copy`.`movie_img` (`movie_id`, `link_img_id`) VALUES (7, 288);
INSERT INTO `copy`.`link_img` (`link_img_id`, `link_img`) VALUES (289, 'https://m.media-amazon.com/images/M/MV5BM2NmY2ZjZWEtNWZkZi00ZDlhLWEwMTYtNTE4MTg3NjJiMTBhXkEyXkFqcGdeQXVyMDM2NDM2MQ@@._V1_QL75_UX820_.jpg');
INSERT INTO `copy`.`movie_img` (`movie_id`, `link_img_id`) VALUES (7, 289);
INSERT INTO `copy`.`link_img` (`link_img_id`, `link_img`) VALUES (290, 'https://m.media-amazon.com/images/M/MV5BYmYzYjg4MTUtZGMyYi00NzJjLWI4ZTItOTVkNDViODE0ZTk4XkEyXkFqcGdeQXVyMDM2NDM2MQ@@._V1_QL75_UX820_.jpg');
INSERT INTO `copy`.`movie_img` (`movie_id`, `link_img_id`) VALUES (7, 290);
INSERT INTO `copy`.`link_img` (`link_img_id`, `link_img`) VALUES (291, 'https://m.media-amazon.com/images/M/MV5BOWU3ZmExNTctNTM0Ny00NjE0LWFmODYtMmQ3NDk4Nzk5ZmI1XkEyXkFqcGdeQXVyMDM2NDM2MQ@@._V1_QL75_UX820_.jpg');
INSERT INTO `copy`.`movie_img` (`movie_id`, `link_img_id`) VALUES (7, 291);
INSERT INTO `copy`.`link_img` (`link_img_id`, `link_img`) VALUES (292, 'https://m.media-amazon.com/images/M/MV5BM2Y2ZDNjODctMjhkMS00YzIxLWIwODQtZWY0ZWFhMTE5NjVjXkEyXkFqcGdeQXVyMDM2NDM2MQ@@._V1_QL75_UX820_.jpg');
INSERT INTO `copy`.`movie_img` (`movie_id`, `link_img_id`) VALUES (7, 292);
INSERT INTO `copy`.`link_img` (`link_img_id`, `link_img`) VALUES (293, 'https://m.media-amazon.com/images/M/MV5BNTkxNDczYjYtZTAzOS00YTljLTk5MWEtNzY5YTk3ZDM3YTI2XkEyXkFqcGdeQXVyMTUzMTg2ODkz._V1_QL75_UX820_.jpg');
INSERT INTO `copy`.`movie_img` (`movie_id`, `link_img_id`) VALUES (7, 293);
INSERT INTO `copy`.`link_img` (`link_img_id`, `link_img`) VALUES (294, 'https://m.media-amazon.com/images/M/MV5BYjJhNzM5NmItNGUwZC00ZjY0LTljMWUtMzI0Y2U0MTQ1MDVjXkEyXkFqcGdeQXVyMTUzMTg2ODkz._V1_QL75_UX820_.jpg');
INSERT INTO `copy`.`movie_img` (`movie_id`, `link_img_id`) VALUES (7, 294);
INSERT INTO `copy`.`link_img` (`link_img_id`, `link_img`) VALUES (295, 'https://m.media-amazon.com/images/M/MV5BYTBiYWJiZmEtMDZmYi00YmFhLWIxZDMtNzE1NTQzYTI5ZWFmXkEyXkFqcGdeQXVyMTUzMTg2ODkz._V1_QL75_UX820_.jpg');
INSERT INTO `copy`.`movie_img` (`movie_id`, `link_img_id`) VALUES (7, 295);
INSERT INTO `copy`.`link_img` (`link_img_id`, `link_img`) VALUES (296, 'https://m.media-amazon.com/images/M/MV5BYzdmNTExZTEtMDkyOC00NTljLWFiMmItZjA1MjI3ZjI1ZWIzXkEyXkFqcGdeQXVyMTEyMjM2NDc2._V1_QL75_UX820_.jpg');
INSERT INTO `copy`.`movie_img` (`movie_id`, `link_img_id`) VALUES (7, 296);
INSERT INTO `copy`.`link_img` (`link_img_id`, `link_img`) VALUES (297, 'https://m.media-amazon.com/images/M/MV5BZDc0MzVjODgtZTIxOS00ODBkLWIyYmItZDAxNzY0ZDljNTA1XkEyXkFqcGdeQXVyMTEyMjM2NDc2._V1_QL75_UX820_.jpg');
INSERT INTO `copy`.`movie_img` (`movie_id`, `link_img_id`) VALUES (7, 297);
INSERT INTO `copy`.`link_img` (`link_img_id`, `link_img`) VALUES (298, 'https://m.media-amazon.com/images/M/MV5BMTIwMDYwNjItMGMyZC00MTRlLWFlOTYtNDU1NDkxZjVmZmViXkEyXkFqcGdeQXVyMTEyMjM2NDc2._V1_QL75_UX820_.jpg');
INSERT INTO `copy`.`movie_img` (`movie_id`, `link_img_id`) VALUES (7, 298);
INSERT INTO `copy`.`link_img` (`link_img_id`, `link_img`) VALUES (299, 'https://m.media-amazon.com/images/M/MV5BYjMzN2EyODYtMTFlOS00Y2VhLTg1OTctNmNkMjY4OGM3MWM4XkEyXkFqcGdeQXVyMTEyMjM2NDc2._V1_QL75_UX820_.jpg');
INSERT INTO `copy`.`movie_img` (`movie_id`, `link_img_id`) VALUES (7, 299);
INSERT INTO `copy`.`link_img` (`link_img_id`, `link_img`) VALUES (300, 'https://m.media-amazon.com/images/M/MV5BYzZlODRkOWQtZWFlMC00Mzg1LTg0YzMtNmVkN2NmYzc4MDg3XkEyXkFqcGdeQXVyMTUzMTg2ODkz._V1_QL75_UX820_.jpg');
INSERT INTO `copy`.`movie_img` (`movie_id`, `link_img_id`) VALUES (7, 300);
INSERT INTO `copy`.`link_img` (`link_img_id`, `link_img`) VALUES (301, 'https://m.media-amazon.com/images/M/MV5BY2RiZTU0N2EtYTRmMC00NGUzLWE5NGYtNzBjOTEzNGQyYWRlXkEyXkFqcGdeQXVyMTUzMTg2ODkz._V1_QL75_UX820_.jpg');
INSERT INTO `copy`.`movie_img` (`movie_id`, `link_img_id`) VALUES (7, 301);
INSERT INTO `copy`.`link_img` (`link_img_id`, `link_img`) VALUES (302, 'https://m.media-amazon.com/images/M/MV5BNTgxMjM5NDItMGViNC00ODViLTljZWItMzgzNTk2YjYyZjc2XkEyXkFqcGdeQXVyMTUzMTg2ODkz._V1_QL75_UX820_.jpg');
INSERT INTO `copy`.`movie_img` (`movie_id`, `link_img_id`) VALUES (7, 302);
INSERT INTO `copy`.`link_img` (`link_img_id`, `link_img`) VALUES (303, 'https://m.media-amazon.com/images/M/MV5BOWJkMzZjMjYtMjQ5ZC00Zjg4LWE0ZGQtNjE5OTllNjNkOGVjXkEyXkFqcGdeQXVyMTUzMTg2ODkz._V1_QL75_UX820_.jpg');
INSERT INTO `copy`.`movie_img` (`movie_id`, `link_img_id`) VALUES (7, 303);
INSERT INTO `copy`.`link_img` (`link_img_id`, `link_img`) VALUES (304, 'https://m.media-amazon.com/images/M/MV5BNGZlOTdmZTYtZjU2Ny00NDJiLThhYzMtOWQwODc0Y2JmZDNjXkEyXkFqcGdeQXVyMTUzMTg2ODkz._V1_QL75_UX820_.jpg');
INSERT INTO `copy`.`movie_img` (`movie_id`, `link_img_id`) VALUES (7, 304);
INSERT INTO `copy`.`link_img` (`link_img_id`, `link_img`) VALUES (305, 'https://m.media-amazon.com/images/M/MV5BNGJiNjIxNDktN2RlYy00NTEzLTgzOGQtMzJkODViOWQzMzhhXkEyXkFqcGdeQXVyMTUzMTg2ODkz._V1_QL75_UX820_.jpg');
INSERT INTO `copy`.`movie_img` (`movie_id`, `link_img_id`) VALUES (7, 305);
INSERT INTO `copy`.`link_img` (`link_img_id`, `link_img`) VALUES (306, 'https://m.media-amazon.com/images/M/MV5BZWJlMmM2MDAtZjYwYi00NmE5LWEwMjAtM2ViZjhmODIzZTEyXkEyXkFqcGdeQXVyMTUzMTg2ODkz._V1_QL75_UX820_.jpg');
INSERT INTO `copy`.`movie_img` (`movie_id`, `link_img_id`) VALUES (7, 306);
INSERT INTO `copy`.`link_img` (`link_img_id`, `link_img`) VALUES (307, 'https://m.media-amazon.com/images/M/MV5BMWFkYTQ0ZDQtMTNkMy00ZmNmLWEwZDUtMjE5NTgyNTA2OTY0XkEyXkFqcGdeQXVyMTUzMTg2ODkz._V1_QL75_UX820_.jpg');
INSERT INTO `copy`.`movie_img` (`movie_id`, `link_img_id`) VALUES (7, 307);
INSERT INTO `copy`.`link_img` (`link_img_id`, `link_img`) VALUES (308, 'https://m.media-amazon.com/images/M/MV5BYjhmZGEzZjUtMjRmMS00ZWZkLTllMzgtOWFlYzk2MWQxMTkyXkEyXkFqcGdeQXVyMTUzMTg2ODkz._V1_QL75_UX820_.jpg');
INSERT INTO `copy`.`movie_img` (`movie_id`, `link_img_id`) VALUES (7, 308);
INSERT INTO `copy`.`link_img` (`link_img_id`, `link_img`) VALUES (309, 'https://m.media-amazon.com/images/M/MV5BMThjZjljNzgtZThiMS00YjEwLWJkOWItZDVkZjg4Y2JhNGJmXkEyXkFqcGdeQXVyMTUzMTg2ODkz._V1_QL75_UX820_.jpg');
INSERT INTO `copy`.`movie_img` (`movie_id`, `link_img_id`) VALUES (7, 309);
INSERT INTO `copy`.`link_img` (`link_img_id`, `link_img`) VALUES (310, 'https://m.media-amazon.com/images/M/MV5BMjMxZTQ5Y2EtY2Y1OC00ZDU4LTllYjAtMjAxZDU1OWRkNzAyXkEyXkFqcGdeQXVyMTUzMTg2ODkz._V1_QL75_UX820_.jpg');
INSERT INTO `copy`.`movie_img` (`movie_id`, `link_img_id`) VALUES (7, 310);
INSERT INTO `copy`.`link_trailler` (`link_trailler_id`, `link_trailler`) VALUES (7, 'https://imdb-video.media-imdb.com/vi3332425241/1434659529640-260ouz-1709136917577.mp4?Expires=1720036045&Signature=UCAPIZsfXbdTqydwXy-ROhxtezz7tkwx4siSgTLuaFtAJGcG-0cQtIbjUzOZA9NCP5LSorQI2TcBodnKqwWwyml3S2hWdFUjYXM~2LpHsrLj73c6LcSFrHmH8vK-yvgo~HmDjjuRSH0QzJjDQ4wkA4LrwmmiXcAQC7lDii4PM9h1~VZ37IRm8avEGt~QG0F8s85f8nIxowoI-bVJ3aCZDRL7RG7P3LqbW3REmModvqjyKY0Mx7rblpaL3nlOYOtMmXOHXrmJ98AMPYMaVBz5ZgP2ftGm-8mDuoGsyl-n734mxyuqp3w0a2qPZnOQaPlcZEIB-mVqNnyzVbBVCaxnBw__&Key-Pair-Id=APKAIFLZBVQZ24NQH3KA');
INSERT INTO `copy`.`movie_trailler` (`movie_id`, `link_trailler_id`) VALUES (7, 7);
UPDATE `copy`.`movieinformation` SET `main_img` = 'https://m.media-amazon.com/images/M/MV5BZDAxMmU3NGUtMGEyZC00ZGQ5LTk1ZjEtZGU2YmI0MjUzNWVmXkEyXkFqcGc@._V1_FMjpg_UX1000_.jpg' WHERE `movie_id` = 8;
UPDATE `copy`.`movieinformation` SET `main_trailer` = 'https://imdb-video.media-imdb.com/vi131974681/1434659529640-260ouz-1716204557417.mp4?Expires=1720036049&Signature=jFE2HAR7I8ZhZNG3GTERyqNenOYRtedlmN3m7P2PvGDHlIS6mhhXu02CD17f5z4RkFU0o3NLhYnFhHkNkUeQzKTqg0rFvKmFXiMH06hpTfjiaCVliMYUt7CD~yjnBFQKNSsOB2jQtB1N9XofVUyNOz3GncJZq5FoXgrPlij~zT~r9QgsYCnX4ulzzBnRaUP2Wh-dAwjwf1OiwYY6XmlITf3YrqKppchzXSVqZ5yhL7sYYQ3XGru08qSkwJz09aUFWJ14-N1AwEaTqkAS4Gmt6oa05y7istVi8613NBXRlnRBEcadVrv7p-J5EKbY~1rGoJ5yDiEFjzvSS-sAjCi2gA__&Key-Pair-Id=APKAIFLZBVQZ24NQH3KA' WHERE `movie_id` = 8;
INSERT INTO `copy`.`link_img` (`link_img_id`, `link_img`) VALUES (311, 'https://m.media-amazon.com/images/M/MV5BZDAxMmU3NGUtMGEyZC00ZGQ5LTk1ZjEtZGU2YmI0MjUzNWVmXkEyXkFqcGc@._V1_FMjpg_UX1000_.jpg');
INSERT INTO `copy`.`movie_img` (`movie_id`, `link_img_id`) VALUES (8, 311);
INSERT INTO `copy`.`link_img` (`link_img_id`, `link_img`) VALUES (312, 'https://m.media-amazon.com/images/M/MV5BZDY4ZjU3ODItZjEyYS00ZjI2LTljZWQtNWM0NTIxMGM3ZjI1XkEyXkFqcGc@._V1_QL75_UX820_.jpg');
INSERT INTO `copy`.`movie_img` (`movie_id`, `link_img_id`) VALUES (8, 312);
INSERT INTO `copy`.`link_img` (`link_img_id`, `link_img`) VALUES (313, 'https://m.media-amazon.com/images/M/MV5BZjdiOGEwMjAtZTFkOC00N2U4LWI5NWUtNWQ4OGJiMGE4NmE5XkEyXkFqcGc@._V1_QL75_UX820_.jpg');
INSERT INTO `copy`.`movie_img` (`movie_id`, `link_img_id`) VALUES (8, 313);
INSERT INTO `copy`.`link_img` (`link_img_id`, `link_img`) VALUES (314, 'https://m.media-amazon.com/images/M/MV5BNDhmYWMyOWEtYTAzNS00OWU0LTk5NzYtYzUxMjQxZDlhNGJkXkEyXkFqcGc@._V1_QL75_UX820_.jpg');
INSERT INTO `copy`.`movie_img` (`movie_id`, `link_img_id`) VALUES (8, 314);
INSERT INTO `copy`.`link_img` (`link_img_id`, `link_img`) VALUES (315, 'https://m.media-amazon.com/images/M/MV5BZDc4MTZlNDQtZjBlOS00NDcwLThmN2ItMjgxOTNiYjAzOTgxXkEyXkFqcGc@._V1_QL75_UX820_.jpg');
INSERT INTO `copy`.`movie_img` (`movie_id`, `link_img_id`) VALUES (8, 315);
INSERT INTO `copy`.`link_img` (`link_img_id`, `link_img`) VALUES (316, 'https://m.media-amazon.com/images/M/MV5BMjNlYjI2MDItYmJmNC00NTM4LTk5M2ItYWQ1NDg4ZDYyZGY4XkEyXkFqcGdeQXVyMTUzNTgzNzM0._V1_QL75_UX820_.jpg');
INSERT INTO `copy`.`movie_img` (`movie_id`, `link_img_id`) VALUES (8, 316);
INSERT INTO `copy`.`link_img` (`link_img_id`, `link_img`) VALUES (317, 'https://m.media-amazon.com/images/M/MV5BMWVlODEwNzktYjFiNC00ZmRmLThjMGQtODU3NTMyNzdjZWI3XkEyXkFqcGdeQXVyMTQ3Mzk2MDg4._V1_QL75_UX820_.jpg');
INSERT INTO `copy`.`movie_img` (`movie_id`, `link_img_id`) VALUES (8, 317);
INSERT INTO `copy`.`link_img` (`link_img_id`, `link_img`) VALUES (318, 'https://m.media-amazon.com/images/M/MV5BYTQyNTQ4ZmUtOThlZi00M2Q3LTlhMzktZDNlOGFiNGVjMjgxXkEyXkFqcGdeQXVyMTQ3Mzk2MDg4._V1_QL75_UX820_.jpg');
INSERT INTO `copy`.`movie_img` (`movie_id`, `link_img_id`) VALUES (8, 318);
INSERT INTO `copy`.`link_img` (`link_img_id`, `link_img`) VALUES (319, 'https://m.media-amazon.com/images/M/MV5BODRkNmUwMDAtZmEzZC00MDY2LTgyNWUtOGE1ZmEwYzEwNTE3XkEyXkFqcGdeQXVyMTQ3Mzk2MDg4._V1_QL75_UX820_.jpg');
INSERT INTO `copy`.`movie_img` (`movie_id`, `link_img_id`) VALUES (8, 319);
INSERT INTO `copy`.`link_img` (`link_img_id`, `link_img`) VALUES (320, 'https://m.media-amazon.com/images/M/MV5BYzBjYThhZjctZjQxZS00NDNkLWFmZTMtMGYyOTFlMmM3ZDg0XkEyXkFqcGc@._V1_QL75_UX820_.jpg');
INSERT INTO `copy`.`movie_img` (`movie_id`, `link_img_id`) VALUES (8, 320);
INSERT INTO `copy`.`link_img` (`link_img_id`, `link_img`) VALUES (321, 'https://m.media-amazon.com/images/M/MV5BYWYzYWVlN2QtYTdiMy00MmQ4LTk3ZmYtNDM1MzU2NmI4MTk5XkEyXkFqcGdeQXVyMDkwNTkwNg@@._V1_QL75_UX820_.jpg');
INSERT INTO `copy`.`movie_img` (`movie_id`, `link_img_id`) VALUES (8, 321);
INSERT INTO `copy`.`link_img` (`link_img_id`, `link_img`) VALUES (322, 'https://m.media-amazon.com/images/M/MV5BNmFmMjdmYTUtM2ViZC00ZDkxLTgxMjEtNzVlNTgwZTBjMzhjXkEyXkFqcGdeQXVyMTc4MDI2Mzc0._V1_QL75_UX820_.jpg');
INSERT INTO `copy`.`movie_img` (`movie_id`, `link_img_id`) VALUES (8, 322);
INSERT INTO `copy`.`link_img` (`link_img_id`, `link_img`) VALUES (323, 'https://m.media-amazon.com/images/M/MV5BNDRkYWFkMjMtZGVhNC00OWE1LWJjNjctMzgzNjI3M2Y2M2RhXkEyXkFqcGdeQXVyMTc4MDI2Mzc0._V1_QL75_UX820_.jpg');
INSERT INTO `copy`.`movie_img` (`movie_id`, `link_img_id`) VALUES (8, 323);
INSERT INTO `copy`.`link_img` (`link_img_id`, `link_img`) VALUES (324, 'https://m.media-amazon.com/images/M/MV5BYzcyYjllNDAtNzdlYi00MjBlLThiYzQtODI0ZDY3NTAzNDI3XkEyXkFqcGdeQXVyMTY3MTQ1MzQz._V1_QL75_UX820_.jpg');
INSERT INTO `copy`.`movie_img` (`movie_id`, `link_img_id`) VALUES (8, 324);
INSERT INTO `copy`.`link_img` (`link_img_id`, `link_img`) VALUES (325, 'https://m.media-amazon.com/images/M/MV5BNWEwMDBlODctYTY2Zi00ZjNlLWI4ZDEtZDI0YTc3NDk3ZDUzXkEyXkFqcGdeQXVyMDkwNTkwNg@@._V1_QL75_UX820_.jpg');
INSERT INTO `copy`.`movie_img` (`movie_id`, `link_img_id`) VALUES (8, 325);
INSERT INTO `copy`.`link_img` (`link_img_id`, `link_img`) VALUES (326, 'https://m.media-amazon.com/images/M/MV5BM2U2YmU5ZTAtYzlhOS00NzllLThjY2MtNzhkOGUwNWM0NTJiXkEyXkFqcGc@._V1_QL75_UX820_.jpg');
INSERT INTO `copy`.`movie_img` (`movie_id`, `link_img_id`) VALUES (8, 326);
INSERT INTO `copy`.`link_img` (`link_img_id`, `link_img`) VALUES (327, 'https://m.media-amazon.com/images/M/MV5BYmE2YmI0MGMtN2JkNS00ZTM5LWE1MDEtZDk2ZDMwMTE2ODA4XkEyXkFqcGc@._V1_QL75_UX820_.jpg');
INSERT INTO `copy`.`movie_img` (`movie_id`, `link_img_id`) VALUES (8, 327);
INSERT INTO `copy`.`link_img` (`link_img_id`, `link_img`) VALUES (328, 'https://m.media-amazon.com/images/M/MV5BNDg3ZWMxZDItZWIzMi00ZjNlLTkzNGQtOTFjYTIxNTIxNWVlXkEyXkFqcGc@._V1_QL75_UX820_.jpg');
INSERT INTO `copy`.`movie_img` (`movie_id`, `link_img_id`) VALUES (8, 328);
INSERT INTO `copy`.`link_img` (`link_img_id`, `link_img`) VALUES (329, 'https://m.media-amazon.com/images/M/MV5BMjA1NmI3ODAtMzRlYS00YTBhLTgyZmMtZjBiYzMxYjExOGQzXkEyXkFqcGc@._V1_QL75_UX820_.jpg');
INSERT INTO `copy`.`movie_img` (`movie_id`, `link_img_id`) VALUES (8, 329);
INSERT INTO `copy`.`link_img` (`link_img_id`, `link_img`) VALUES (330, 'https://m.media-amazon.com/images/M/MV5BMzM2NmEzYTktOGM4My00MTBhLTk4ZjMtYTJmODYwNjUxZThjXkEyXkFqcGc@._V1_QL75_UX820_.jpg');
INSERT INTO `copy`.`movie_img` (`movie_id`, `link_img_id`) VALUES (8, 330);
INSERT INTO `copy`.`link_img` (`link_img_id`, `link_img`) VALUES (331, 'https://m.media-amazon.com/images/M/MV5BYWZkY2FlNTktODhkNC00Y2ZmLWIxN2EtMmY2YjE0NTU1YTZlXkEyXkFqcGc@._V1_QL75_UX820_.jpg');
INSERT INTO `copy`.`movie_img` (`movie_id`, `link_img_id`) VALUES (8, 331);
INSERT INTO `copy`.`link_img` (`link_img_id`, `link_img`) VALUES (332, 'https://m.media-amazon.com/images/M/MV5BNjkyMzk5NGQtODg2Yi00OWJiLWIxZTEtZTE5NWUwYWM1NDJiXkEyXkFqcGc@._V1_QL75_UX820_.jpg');
INSERT INTO `copy`.`movie_img` (`movie_id`, `link_img_id`) VALUES (8, 332);
INSERT INTO `copy`.`link_img` (`link_img_id`, `link_img`) VALUES (333, 'https://m.media-amazon.com/images/M/MV5BMzMzMjQxYWYtMGM1Ny00Mzc5LTlmMGItMGRlMzE0M2Y2NGYxXkEyXkFqcGc@._V1_QL75_UX820_.jpg');
INSERT INTO `copy`.`movie_img` (`movie_id`, `link_img_id`) VALUES (8, 333);
INSERT INTO `copy`.`link_img` (`link_img_id`, `link_img`) VALUES (334, 'https://m.media-amazon.com/images/M/MV5BZGIyYTUzZDctMWZmMC00MTQxLWIwNDMtMjQ4ZjMxYmNhNjYxXkEyXkFqcGc@._V1_QL75_UX820_.jpg');
INSERT INTO `copy`.`movie_img` (`movie_id`, `link_img_id`) VALUES (8, 334);
INSERT INTO `copy`.`link_img` (`link_img_id`, `link_img`) VALUES (335, 'https://m.media-amazon.com/images/M/MV5BZGE5OWRkZmYtMWVkNS00MTVkLTg1MzItOTM2ZDRkYWI5ZDZiXkEyXkFqcGc@._V1_QL75_UX820_.jpg');
INSERT INTO `copy`.`movie_img` (`movie_id`, `link_img_id`) VALUES (8, 335);
INSERT INTO `copy`.`link_img` (`link_img_id`, `link_img`) VALUES (336, 'https://m.media-amazon.com/images/M/MV5BZDAxMmU3NGUtMGEyZC00ZGQ5LTk1ZjEtZGU2YmI0MjUzNWVmXkEyXkFqcGc@._V1_QL75_UX820_.jpg');
INSERT INTO `copy`.`movie_img` (`movie_id`, `link_img_id`) VALUES (8, 336);
INSERT INTO `copy`.`link_img` (`link_img_id`, `link_img`) VALUES (337, 'https://m.media-amazon.com/images/M/MV5BOWVlOWYxM2YtMWVhZS00ZDM3LWEwY2EtMmEyZjRkZmIyMTJlXkEyXkFqcGdeQXVyOTI3MzI4MzA@._V1_QL75_UX820_.jpg');
INSERT INTO `copy`.`movie_img` (`movie_id`, `link_img_id`) VALUES (8, 337);
INSERT INTO `copy`.`link_trailler` (`link_trailler_id`, `link_trailler`) VALUES (8, 'https://imdb-video.media-imdb.com/vi131974681/1434659529640-260ouz-1716204557417.mp4?Expires=1720036049&Signature=jFE2HAR7I8ZhZNG3GTERyqNenOYRtedlmN3m7P2PvGDHlIS6mhhXu02CD17f5z4RkFU0o3NLhYnFhHkNkUeQzKTqg0rFvKmFXiMH06hpTfjiaCVliMYUt7CD~yjnBFQKNSsOB2jQtB1N9XofVUyNOz3GncJZq5FoXgrPlij~zT~r9QgsYCnX4ulzzBnRaUP2Wh-dAwjwf1OiwYY6XmlITf3YrqKppchzXSVqZ5yhL7sYYQ3XGru08qSkwJz09aUFWJ14-N1AwEaTqkAS4Gmt6oa05y7istVi8613NBXRlnRBEcadVrv7p-J5EKbY~1rGoJ5yDiEFjzvSS-sAjCi2gA__&Key-Pair-Id=APKAIFLZBVQZ24NQH3KA');
INSERT INTO `copy`.`movie_trailler` (`movie_id`, `link_trailler_id`) VALUES (8, 8);
UPDATE `copy`.`movieinformation` SET `main_img` = 'https://m.media-amazon.com/images/M/MV5BZGI4NTEwNTAtZDcwMi00MDkxLTg1OGYtNTZmMzE3ZDljNzVlXkEyXkFqcGdeQXVyMTEyMjM2NDc2._V1_FMjpg_UX1000_.jpg' WHERE `movie_id` = 9;
UPDATE `copy`.`movieinformation` SET `main_trailer` = 'https://imdb-video.media-imdb.com/vi904447513/1434659529640-260ouz-1714495080297.mp4?Expires=1720036053&Signature=KqpOMZaNxqE3pyGqnpzBJGLByyfAUQtHHVcZI4LYWNPmAp3SnIm6B2YGOEntUIQgdb-XD~eMeYxqNTNFqYhm7fc~0dZVpwEIqeShJBr5zWjwiEmPIPpt4ZDfujjmcc6df980~qmWU02R8uKliXh7jlsTGTFzEdxIaLOC-RCq3kTLXQehDBMCSFwMNMiLOsavGGTNNvz6q~bJubT5dBuQTZhSfi95Kx0m7TasAvbJ6YTwwgAQk1Kh-gIYn4y-Henj1y-q9T6YQqc-MJ2rCMUthnDG8YY4qpdD2CD5DI2btrYnBZPscyi5RUbtzrsFYYV4yA893E~qTwII9YeR~7bF8w__&Key-Pair-Id=APKAIFLZBVQZ24NQH3KA' WHERE `movie_id` = 9;
INSERT INTO `copy`.`link_img` (`link_img_id`, `link_img`) VALUES (338, 'https://m.media-amazon.com/images/M/MV5BZGI4NTEwNTAtZDcwMi00MDkxLTg1OGYtNTZmMzE3ZDljNzVlXkEyXkFqcGdeQXVyMTEyMjM2NDc2._V1_FMjpg_UX1000_.jpg');
INSERT INTO `copy`.`movie_img` (`movie_id`, `link_img_id`) VALUES (9, 338);
INSERT INTO `copy`.`link_img` (`link_img_id`, `link_img`) VALUES (339, 'https://m.media-amazon.com/images/M/MV5BZWZkYzllMjctMmRjMy00ODEyLWE5NDYtOTA1ODYxMjhlNmQ2XkEyXkFqcGdeQXVyMDM2NDM2MQ@@._V1_QL75_UX820_.jpg');
INSERT INTO `copy`.`movie_img` (`movie_id`, `link_img_id`) VALUES (9, 339);
INSERT INTO `copy`.`link_img` (`link_img_id`, `link_img`) VALUES (340, 'https://m.media-amazon.com/images/M/MV5BZTBmYzhjMjQtMWVjZS00OTVmLWE5YjMtZWQyYjRkZWFhZGRmXkEyXkFqcGdeQXVyMDM2NDM2MQ@@._V1_QL75_UX820_.jpg');
INSERT INTO `copy`.`movie_img` (`movie_id`, `link_img_id`) VALUES (9, 340);
INSERT INTO `copy`.`link_img` (`link_img_id`, `link_img`) VALUES (341, 'https://m.media-amazon.com/images/M/MV5BZWYzZDg3NzYtY2M0OS00MjdiLTg0MzctZmE4NzRmM2FjZThlXkEyXkFqcGdeQXVyMDM2NDM2MQ@@._V1_QL75_UX820_.jpg');
INSERT INTO `copy`.`movie_img` (`movie_id`, `link_img_id`) VALUES (9, 341);
INSERT INTO `copy`.`link_img` (`link_img_id`, `link_img`) VALUES (342, 'https://m.media-amazon.com/images/M/MV5BODZhNDlhMWUtYmI0NS00MTYxLWJjYTAtMTM3NzJiM2YwZDAzXkEyXkFqcGdeQXVyMDM2NDM2MQ@@._V1_QL75_UX820_.jpg');
INSERT INTO `copy`.`movie_img` (`movie_id`, `link_img_id`) VALUES (9, 342);
INSERT INTO `copy`.`link_img` (`link_img_id`, `link_img`) VALUES (343, 'https://m.media-amazon.com/images/M/MV5BZmZmYjU2Y2YtYWUwMS00ZWI2LTk3MDUtYmQyMjljMGNiZTJkXkEyXkFqcGdeQXVyMDM2NDM2MQ@@._V1_QL75_UX820_.jpg');
INSERT INTO `copy`.`movie_img` (`movie_id`, `link_img_id`) VALUES (9, 343);
INSERT INTO `copy`.`link_img` (`link_img_id`, `link_img`) VALUES (344, 'https://m.media-amazon.com/images/M/MV5BOTZmODUxMDQtYmM3Mi00NzViLWE4NzktYjQ1MTBlMmQzZDQyXkEyXkFqcGdeQXVyMDM2NDM2MQ@@._V1_QL75_UX820_.jpg');
INSERT INTO `copy`.`movie_img` (`movie_id`, `link_img_id`) VALUES (9, 344);
INSERT INTO `copy`.`link_img` (`link_img_id`, `link_img`) VALUES (345, 'https://m.media-amazon.com/images/M/MV5BYTE4ZjMzY2YtOWQ0NS00NjhiLThjNjItNTQ1MzI2OTI3MDVjXkEyXkFqcGdeQXVyMTkxNjUyNQ@@._V1_QL75_UX820_.jpg');
INSERT INTO `copy`.`movie_img` (`movie_id`, `link_img_id`) VALUES (9, 345);
INSERT INTO `copy`.`link_img` (`link_img_id`, `link_img`) VALUES (346, 'https://m.media-amazon.com/images/M/MV5BMDgzNjEzNDctNzUyMC00NWI1LThlZDgtMWQzNGZiMDZkZWJjXkEyXkFqcGdeQXVyMTkxNjUyNQ@@._V1_QL75_UX820_.jpg');
INSERT INTO `copy`.`movie_img` (`movie_id`, `link_img_id`) VALUES (9, 346);
INSERT INTO `copy`.`link_img` (`link_img_id`, `link_img`) VALUES (347, 'https://m.media-amazon.com/images/M/MV5BNTM3YzFiNmEtYTg3Mi00MjQwLTgzYzktMjY5YmVhYTEwODRmXkEyXkFqcGdeQXVyMTkxNjUyNQ@@._V1_QL75_UX820_.jpg');
INSERT INTO `copy`.`movie_img` (`movie_id`, `link_img_id`) VALUES (9, 347);
INSERT INTO `copy`.`link_img` (`link_img_id`, `link_img`) VALUES (348, 'https://m.media-amazon.com/images/M/MV5BMjYxM2JmNzEtOGViYi00NjAyLWFkNDYtNDkwNTUzZjk3MGVjXkEyXkFqcGdeQXVyMTkxNjUyNQ@@._V1_QL75_UX820_.jpg');
INSERT INTO `copy`.`movie_img` (`movie_id`, `link_img_id`) VALUES (9, 348);
INSERT INTO `copy`.`link_img` (`link_img_id`, `link_img`) VALUES (349, 'https://m.media-amazon.com/images/M/MV5BMjQ0ZjFmMmQtMTcyYi00MzE2LWFiMWUtOTkyY2JiNDlkMjNkXkEyXkFqcGdeQXVyMTkxNjUyNQ@@._V1_QL75_UX820_.jpg');
INSERT INTO `copy`.`movie_img` (`movie_id`, `link_img_id`) VALUES (9, 349);
INSERT INTO `copy`.`link_img` (`link_img_id`, `link_img`) VALUES (350, 'https://m.media-amazon.com/images/M/MV5BMjIyNGUxOTktZTU4Ni00YTUzLWE4NDAtZDdkYzdmYzgxYjAwXkEyXkFqcGdeQXVyMTkxNjUyNQ@@._V1_QL75_UX820_.jpg');
INSERT INTO `copy`.`movie_img` (`movie_id`, `link_img_id`) VALUES (9, 350);
INSERT INTO `copy`.`link_img` (`link_img_id`, `link_img`) VALUES (351, 'https://m.media-amazon.com/images/M/MV5BMDNjNmU5ZmEtMzM3Ny00ZDNmLTk0MTEtYTgxMzZmYTY5NmM0XkEyXkFqcGdeQXVyMTkxNjUyNQ@@._V1_QL75_UX820_.jpg');
INSERT INTO `copy`.`movie_img` (`movie_id`, `link_img_id`) VALUES (9, 351);
INSERT INTO `copy`.`link_img` (`link_img_id`, `link_img`) VALUES (352, 'https://m.media-amazon.com/images/M/MV5BNWRlY2QxZTYtMDNkMy00NmZhLThkMDctNmRjMzRlNWFhMjE0XkEyXkFqcGdeQXVyMTkxNjUyNQ@@._V1_QL75_UX820_.jpg');
INSERT INTO `copy`.`movie_img` (`movie_id`, `link_img_id`) VALUES (9, 352);
INSERT INTO `copy`.`link_img` (`link_img_id`, `link_img`) VALUES (353, 'https://m.media-amazon.com/images/M/MV5BYTAyMTEwOWEtZWJiMy00YzJmLTk5ODMtMjhiZmY3YjRjYWIzXkEyXkFqcGdeQXVyMTkxNjUyNQ@@._V1_QL75_UX820_.jpg');
INSERT INTO `copy`.`movie_img` (`movie_id`, `link_img_id`) VALUES (9, 353);
INSERT INTO `copy`.`link_img` (`link_img_id`, `link_img`) VALUES (354, 'https://m.media-amazon.com/images/M/MV5BM2M4MmU3YmUtMzc0Zi00YTNhLTkwNmYtOGJmYWVjM2Y2MjFhXkEyXkFqcGdeQXVyMTkxNjUyNQ@@._V1_QL75_UX820_.jpg');
INSERT INTO `copy`.`movie_img` (`movie_id`, `link_img_id`) VALUES (9, 354);
INSERT INTO `copy`.`link_img` (`link_img_id`, `link_img`) VALUES (355, 'https://m.media-amazon.com/images/M/MV5BMmZhMGQ4ZTMtMmFkZC00MjhjLWIxOTctZGRmM2VjZDllYWNiXkEyXkFqcGdeQXVyMTkxNjUyNQ@@._V1_QL75_UX820_.jpg');
INSERT INTO `copy`.`movie_img` (`movie_id`, `link_img_id`) VALUES (9, 355);
INSERT INTO `copy`.`link_img` (`link_img_id`, `link_img`) VALUES (356, 'https://m.media-amazon.com/images/M/MV5BN2U2MDQ1ZjEtODExMC00OGJjLTkxNmYtOTlkZjliMmQ2ZWFkXkEyXkFqcGdeQXVyMTkxNjUyNQ@@._V1_QL75_UX820_.jpg');
INSERT INTO `copy`.`movie_img` (`movie_id`, `link_img_id`) VALUES (9, 356);
INSERT INTO `copy`.`link_img` (`link_img_id`, `link_img`) VALUES (357, 'https://m.media-amazon.com/images/M/MV5BOTkwMDY4ZDYtMTI4NC00MDI1LWExZGUtMGUwNGVmNDAyYzA4XkEyXkFqcGdeQXVyMTkxNjUyNQ@@._V1_QL75_UX820_.jpg');
INSERT INTO `copy`.`movie_img` (`movie_id`, `link_img_id`) VALUES (9, 357);
INSERT INTO `copy`.`link_img` (`link_img_id`, `link_img`) VALUES (358, 'https://m.media-amazon.com/images/M/MV5BN2NjNjNhNGMtZjk2NS00MTVkLWE0YjQtZDg1MjI1YWFhN2MyXkEyXkFqcGdeQXVyMTUzMTg2ODkz._V1_QL75_UX820_.jpg');
INSERT INTO `copy`.`movie_img` (`movie_id`, `link_img_id`) VALUES (9, 358);
INSERT INTO `copy`.`link_img` (`link_img_id`, `link_img`) VALUES (359, 'https://m.media-amazon.com/images/M/MV5BMjI5MGViYjktY2EzNy00ODIwLWE0YTAtODZmZTYyOTQ5OWY0XkEyXkFqcGdeQXVyMTUzMTg2ODkz._V1_QL75_UX820_.jpg');
INSERT INTO `copy`.`movie_img` (`movie_id`, `link_img_id`) VALUES (9, 359);
INSERT INTO `copy`.`link_img` (`link_img_id`, `link_img`) VALUES (360, 'https://m.media-amazon.com/images/M/MV5BY2MyODYwNzQtNzYyMi00MzU0LTllMTQtNzdhODUzNTBlYTA1XkEyXkFqcGdeQXVyMTUzMTg2ODkz._V1_QL75_UX820_.jpg');
INSERT INTO `copy`.`movie_img` (`movie_id`, `link_img_id`) VALUES (9, 360);
INSERT INTO `copy`.`link_img` (`link_img_id`, `link_img`) VALUES (361, 'https://m.media-amazon.com/images/M/MV5BN2VkMzEyOGYtYWQwNC00MDdmLThhNGMtMWVhMzg2NDBhN2JjXkEyXkFqcGdeQXVyMTUzMTg2ODkz._V1_QL75_UX820_.jpg');
INSERT INTO `copy`.`movie_img` (`movie_id`, `link_img_id`) VALUES (9, 361);
INSERT INTO `copy`.`link_img` (`link_img_id`, `link_img`) VALUES (362, 'https://m.media-amazon.com/images/M/MV5BMTZkZmQ1NWItZjRkNy00ZTA4LWJiZjQtMmIxYTliOTM1NjNlXkEyXkFqcGdeQXVyMTUzMTg2ODkz._V1_QL75_UX820_.jpg');
INSERT INTO `copy`.`movie_img` (`movie_id`, `link_img_id`) VALUES (9, 362);
INSERT INTO `copy`.`link_img` (`link_img_id`, `link_img`) VALUES (363, 'https://m.media-amazon.com/images/M/MV5BZDE1MjE1OTQtNTc1Ni00Y2Y0LTg4MjMtN2ZjNTc5MWE4OTgzXkEyXkFqcGdeQXVyMTY3ODkyNDkz._V1_QL75_UX820_.jpg');
INSERT INTO `copy`.`movie_img` (`movie_id`, `link_img_id`) VALUES (9, 363);
INSERT INTO `copy`.`link_img` (`link_img_id`, `link_img`) VALUES (364, 'https://m.media-amazon.com/images/M/MV5BNjFmYWI5OTAtZjg4NS00MjAxLWFmNTctYWU2N2EzYTM5MTM4XkEyXkFqcGdeQXVyMTY3ODkyNDkz._V1_QL75_UX820_.jpg');
INSERT INTO `copy`.`movie_img` (`movie_id`, `link_img_id`) VALUES (9, 364);
INSERT INTO `copy`.`link_img` (`link_img_id`, `link_img`) VALUES (365, 'https://m.media-amazon.com/images/M/MV5BMjZkYTUwNTctZmI0MC00ODU2LTk2M2EtYTNjMmRjODkxOTFkXkEyXkFqcGdeQXVyMTY3ODkyNDkz._V1_QL75_UX820_.jpg');
INSERT INTO `copy`.`movie_img` (`movie_id`, `link_img_id`) VALUES (9, 365);
INSERT INTO `copy`.`link_img` (`link_img_id`, `link_img`) VALUES (366, 'https://m.media-amazon.com/images/M/MV5BYTYxMjI4MjItMzg4Ny00MmJmLTg3NTAtYzk1MDU5YmYxZmVhXkEyXkFqcGdeQXVyMTY3ODkyNDkz._V1_QL75_UX820_.jpg');
INSERT INTO `copy`.`movie_img` (`movie_id`, `link_img_id`) VALUES (9, 366);
INSERT INTO `copy`.`link_img` (`link_img_id`, `link_img`) VALUES (367, 'https://m.media-amazon.com/images/M/MV5BYmFiZTczNGUtYzAzYi00OTE2LThjZGUtMTc3Y2Y1OGNmNGQ5XkEyXkFqcGdeQXVyMTY3ODkyNDkz._V1_QL75_UX820_.jpg');
INSERT INTO `copy`.`movie_img` (`movie_id`, `link_img_id`) VALUES (9, 367);
INSERT INTO `copy`.`link_img` (`link_img_id`, `link_img`) VALUES (368, 'https://m.media-amazon.com/images/M/MV5BZGI4NTEwNTAtZDcwMi00MDkxLTg1OGYtNTZmMzE3ZDljNzVlXkEyXkFqcGdeQXVyMTEyMjM2NDc2._V1_QL75_UX820_.jpg');
INSERT INTO `copy`.`movie_img` (`movie_id`, `link_img_id`) VALUES (9, 368);
INSERT INTO `copy`.`link_img` (`link_img_id`, `link_img`) VALUES (369, 'https://m.media-amazon.com/images/M/MV5BZjcxN2Y3MmEtOGI5My00YmU1LThlNmEtOWNmZDc5ZDEyNGUzXkEyXkFqcGdeQXVyMTUzMTg2ODkz._V1_QL75_UX820_.jpg');
INSERT INTO `copy`.`movie_img` (`movie_id`, `link_img_id`) VALUES (9, 369);
INSERT INTO `copy`.`link_img` (`link_img_id`, `link_img`) VALUES (370, 'https://m.media-amazon.com/images/M/MV5BODJkOGQyNTUtYzRkMy00MTQ4LTg0ZjAtMDNhNDUzMWY1Y2U0XkEyXkFqcGdeQXVyMTY3ODkyNDkz._V1_QL75_UX820_.jpg');
INSERT INTO `copy`.`movie_img` (`movie_id`, `link_img_id`) VALUES (9, 370);
INSERT INTO `copy`.`link_img` (`link_img_id`, `link_img`) VALUES (371, 'https://m.media-amazon.com/images/M/MV5BMzEyZWViNmQtN2EzYS00MzU5LWEzZWUtYzlkMmVlZjAyN2RhXkEyXkFqcGdeQXVyMTUzMTg2ODkz._V1_QL75_UX820_.jpg');
INSERT INTO `copy`.`movie_img` (`movie_id`, `link_img_id`) VALUES (9, 371);
INSERT INTO `copy`.`link_img` (`link_img_id`, `link_img`) VALUES (372, 'https://m.media-amazon.com/images/M/MV5BNDcxM2RiOWMtMGEzMC00NDEyLTgzMjEtOWZjYzVhN2E2ZjcyXkEyXkFqcGdeQXVyMTkxNjUyNQ@@._V1_QL75_UX820_.jpg');
INSERT INTO `copy`.`movie_img` (`movie_id`, `link_img_id`) VALUES (9, 372);
INSERT INTO `copy`.`link_img` (`link_img_id`, `link_img`) VALUES (373, 'https://m.media-amazon.com/images/M/MV5BODVmNWU0ZmUtYTVmNi00NjNmLWE3NDUtMDBhZWZiMGI2ODA2XkEyXkFqcGdeQXVyMTUzOTcyODA5._V1_QL75_UX820_.jpg');
INSERT INTO `copy`.`movie_img` (`movie_id`, `link_img_id`) VALUES (9, 373);
INSERT INTO `copy`.`link_img` (`link_img_id`, `link_img`) VALUES (374, 'https://m.media-amazon.com/images/M/MV5BMDA3MzgzZDgtMjZmZi00NzYyLWIyMjUtZjc2MGYyYTU3N2FkXkEyXkFqcGc@._V1_QL75_UX820_.jpg');
INSERT INTO `copy`.`movie_img` (`movie_id`, `link_img_id`) VALUES (9, 374);
INSERT INTO `copy`.`link_img` (`link_img_id`, `link_img`) VALUES (375, 'https://m.media-amazon.com/images/M/MV5BYjY3ZDJlODMtNDhmYS00OGQ2LWIyYWQtNGE0ODVjMTQ4MWZiXkEyXkFqcGc@._V1_QL75_UX820_.jpg');
INSERT INTO `copy`.`movie_img` (`movie_id`, `link_img_id`) VALUES (9, 375);
INSERT INTO `copy`.`link_img` (`link_img_id`, `link_img`) VALUES (376, 'https://m.media-amazon.com/images/M/MV5BMWRlZThhZGItMGNjZi00NTUyLWIwNGQtZjg4NTZkOWJhNGQzXkEyXkFqcGdeQXVyNjUwNzk3NDc@._V1_QL75_UX820_.jpg');
INSERT INTO `copy`.`movie_img` (`movie_id`, `link_img_id`) VALUES (9, 376);
INSERT INTO `copy`.`link_img` (`link_img_id`, `link_img`) VALUES (377, 'https://m.media-amazon.com/images/M/MV5BODVmNTUxYmUtNmQ0Ny00NGRiLWI4YTgtZmZlZDNmODEyYWNhXkEyXkFqcGdeQXVyNjUwNzk3NDc@._V1_QL75_UX820_.jpg');
INSERT INTO `copy`.`movie_img` (`movie_id`, `link_img_id`) VALUES (9, 377);
INSERT INTO `copy`.`link_img` (`link_img_id`, `link_img`) VALUES (378, 'https://m.media-amazon.com/images/M/MV5BODNjNjliMmYtMGRkZC00MGFlLTliMjEtNjJiYWIxMWE0ODU5XkEyXkFqcGdeQXVyNjUwNzk3NDc@._V1_QL75_UX820_.jpg');
INSERT INTO `copy`.`movie_img` (`movie_id`, `link_img_id`) VALUES (9, 378);
INSERT INTO `copy`.`link_img` (`link_img_id`, `link_img`) VALUES (379, 'https://m.media-amazon.com/images/M/MV5BOGE2ZjNhNGYtMzU4Yi00YmQyLThjZmYtZWIwOTcyNGYxY2E1XkEyXkFqcGdeQXVyNjUwNzk3NDc@._V1_QL75_UX820_.jpg');
INSERT INTO `copy`.`movie_img` (`movie_id`, `link_img_id`) VALUES (9, 379);
INSERT INTO `copy`.`link_img` (`link_img_id`, `link_img`) VALUES (380, 'https://m.media-amazon.com/images/M/MV5BMzA2MzNiN2ItZmU4NC00YjJmLWE4NmEtMjkyZTdhYWJmMTZlXkEyXkFqcGdeQXVyNjUwNzk3NDc@._V1_QL75_UX820_.jpg');
INSERT INTO `copy`.`movie_img` (`movie_id`, `link_img_id`) VALUES (9, 380);
INSERT INTO `copy`.`link_img` (`link_img_id`, `link_img`) VALUES (381, 'https://m.media-amazon.com/images/M/MV5BODA5NjQwZWItMzIwMy00N2YwLThhNGEtNjg2ZjM1MzU3MGY2XkEyXkFqcGdeQXVyNjUwNzk3NDc@._V1_QL75_UX820_.jpg');
INSERT INTO `copy`.`movie_img` (`movie_id`, `link_img_id`) VALUES (9, 381);
INSERT INTO `copy`.`link_img` (`link_img_id`, `link_img`) VALUES (382, 'https://m.media-amazon.com/images/M/MV5BMjBkYmQzNGUtMTdiZC00YjhlLWI4MzUtYWVhYTRmYmZhMzA5XkEyXkFqcGdeQXVyNjUwNzk3NDc@._V1_QL75_UX820_.jpg');
INSERT INTO `copy`.`movie_img` (`movie_id`, `link_img_id`) VALUES (9, 382);
INSERT INTO `copy`.`link_img` (`link_img_id`, `link_img`) VALUES (383, 'https://m.media-amazon.com/images/M/MV5BNDJkYWI4Y2ItZmIzZi00MDM1LWJmZTgtOWU0ZDU0MDMwN2E3XkEyXkFqcGdeQXVyNjUwNzk3NDc@._V1_QL75_UX820_.jpg');
INSERT INTO `copy`.`movie_img` (`movie_id`, `link_img_id`) VALUES (9, 383);
INSERT INTO `copy`.`link_img` (`link_img_id`, `link_img`) VALUES (384, 'https://m.media-amazon.com/images/M/MV5BMjQ0YmUyNTMtOTM2ZS00MDQxLWEyMjktZmYwMDlmZDFjYjUzXkEyXkFqcGdeQXVyNjUwNzk3NDc@._V1_QL75_UX820_.jpg');
INSERT INTO `copy`.`movie_img` (`movie_id`, `link_img_id`) VALUES (9, 384);
INSERT INTO `copy`.`link_img` (`link_img_id`, `link_img`) VALUES (385, 'https://m.media-amazon.com/images/M/MV5BZTE0MDdjYjItMzgxNi00MjZiLTllYjEtNWI5YjQwYTY5OGNhXkEyXkFqcGdeQXVyNjUwNzk3NDc@._V1_QL75_UX820_.jpg');
INSERT INTO `copy`.`movie_img` (`movie_id`, `link_img_id`) VALUES (9, 385);
INSERT INTO `copy`.`link_img` (`link_img_id`, `link_img`) VALUES (386, 'https://m.media-amazon.com/images/M/MV5BZDg3NDczNTUtZWUzZi00YmFlLWI0ZDUtOTY5MzI1Y2M2YmRhXkEyXkFqcGdeQXVyNjUwNzk3NDc@._V1_QL75_UX820_.jpg');
INSERT INTO `copy`.`movie_img` (`movie_id`, `link_img_id`) VALUES (9, 386);
INSERT INTO `copy`.`link_img` (`link_img_id`, `link_img`) VALUES (387, 'https://m.media-amazon.com/images/M/MV5BMjg2MDdlMTItMWU3ZS00MTYxLWI5OWMtYjNlNzI0MTkxMmMwXkEyXkFqcGdeQXVyNjUwNzk3NDc@._V1_QL75_UX820_.jpg');
INSERT INTO `copy`.`movie_img` (`movie_id`, `link_img_id`) VALUES (9, 387);
INSERT INTO `copy`.`link_img` (`link_img_id`, `link_img`) VALUES (388, 'https://m.media-amazon.com/images/M/MV5BZGVjZmQ2ZWMtNWYxYi00Njk1LTk2ODItNzFlYzgxMjc2MjcxXkEyXkFqcGdeQXVyNjUwNzk3NDc@._V1_QL75_UX820_.jpg');
INSERT INTO `copy`.`movie_img` (`movie_id`, `link_img_id`) VALUES (9, 388);
INSERT INTO `copy`.`link_trailler` (`link_trailler_id`, `link_trailler`) VALUES (9, 'https://imdb-video.media-imdb.com/vi904447513/1434659529640-260ouz-1714495080297.mp4?Expires=1720036053&Signature=KqpOMZaNxqE3pyGqnpzBJGLByyfAUQtHHVcZI4LYWNPmAp3SnIm6B2YGOEntUIQgdb-XD~eMeYxqNTNFqYhm7fc~0dZVpwEIqeShJBr5zWjwiEmPIPpt4ZDfujjmcc6df980~qmWU02R8uKliXh7jlsTGTFzEdxIaLOC-RCq3kTLXQehDBMCSFwMNMiLOsavGGTNNvz6q~bJubT5dBuQTZhSfi95Kx0m7TasAvbJ6YTwwgAQk1Kh-gIYn4y-Henj1y-q9T6YQqc-MJ2rCMUthnDG8YY4qpdD2CD5DI2btrYnBZPscyi5RUbtzrsFYYV4yA893E~qTwII9YeR~7bF8w__&Key-Pair-Id=APKAIFLZBVQZ24NQH3KA');
INSERT INTO `copy`.`movie_trailler` (`movie_id`, `link_trailler_id`) VALUES (9, 9);
UPDATE `copy`.`movieinformation` SET `main_img` = 'https://m.media-amazon.com/images/M/MV5BNDA3MmYzOWEtYWZhNS00ZmU3LWJkYmUtODBjMzQyNzMxYmZhXkEyXkFqcGc@._V1_FMjpg_UX1000_.jpg' WHERE `movie_id` = 10;
UPDATE `copy`.`movieinformation` SET `main_trailer` = 'https://imdb-video.media-imdb.com/vi2971911705/1434659607842-pgv4ql-1719584635533.mp4?Expires=1720036057&Signature=SvQYX9zlDGOdphloWi7kokQoQrIQiYY4uxddZKS5HHBqiuUfmaXlZqsc9ngFp9UEx8pLw8ZT4pLi-WkERZlO1U8hCAho9TvWHYpe5hyVOrPMuDBpTb7x2lw4Ymj8Z924hDDCnLYxq2y3SKi4bv9dnMoImdHq5zkOPqmG35LWiRVMo-3E04c4Mww05yU73eRHzyCnbPdvUiqJTwxpjLOj425gT10EXQmUbGtGGRMluVSps-NeoARptINRsTvFtyREGscI8JF19UafyMW~3ml7MADgAB5RgabC4cskUL3IC~LCfIC5c1O2fVYQvZNFkwNugf8TaK4nZdbFLkP6-GxWIg__&Key-Pair-Id=APKAIFLZBVQZ24NQH3KA' WHERE `movie_id` = 10;
INSERT INTO `copy`.`link_img` (`link_img_id`, `link_img`) VALUES (389, 'https://m.media-amazon.com/images/M/MV5BNDA3MmYzOWEtYWZhNS00ZmU3LWJkYmUtODBjMzQyNzMxYmZhXkEyXkFqcGc@._V1_FMjpg_UX1000_.jpg');
INSERT INTO `copy`.`movie_img` (`movie_id`, `link_img_id`) VALUES (10, 389);
INSERT INTO `copy`.`link_img` (`link_img_id`, `link_img`) VALUES (390, 'https://m.media-amazon.com/images/M/MV5BM2VhMDdkNTktN2VjOC00ZGFhLWE2NmUtOTIwNTk0MmNiZTg3XkEyXkFqcGdeQXVyMTEyMjM2NDc2._V1_QL75_UX820_.jpg');
INSERT INTO `copy`.`movie_img` (`movie_id`, `link_img_id`) VALUES (10, 390);
INSERT INTO `copy`.`link_img` (`link_img_id`, `link_img`) VALUES (391, 'https://m.media-amazon.com/images/M/MV5BNGE1OGQxOWYtODZmNi00ZThjLWI5MmQtMTcxOTk3ZjI5N2I3XkEyXkFqcGdeQXVyMTEyMjM2NDc2._V1_QL75_UX820_.jpg');
INSERT INTO `copy`.`movie_img` (`movie_id`, `link_img_id`) VALUES (10, 391);
INSERT INTO `copy`.`link_img` (`link_img_id`, `link_img`) VALUES (392, 'https://m.media-amazon.com/images/M/MV5BN2Y2NDdlNzktMDNjNi00M2MyLTkyOGYtNWQ0OWQ3Zjk4ZWQzXkEyXkFqcGdeQXVyMTEyMjM2NDc2._V1_QL75_UX820_.jpg');
INSERT INTO `copy`.`movie_img` (`movie_id`, `link_img_id`) VALUES (10, 392);
INSERT INTO `copy`.`link_img` (`link_img_id`, `link_img`) VALUES (393, 'https://m.media-amazon.com/images/M/MV5BOTc2YTE2NGEtZGUyZC00ZjIzLWExMWYtZDQ1ZDA1MDYzYTk5XkEyXkFqcGdeQXVyMTEyMjM2NDc2._V1_QL75_UX820_.jpg');
INSERT INTO `copy`.`movie_img` (`movie_id`, `link_img_id`) VALUES (10, 393);
INSERT INTO `copy`.`link_img` (`link_img_id`, `link_img`) VALUES (394, 'https://m.media-amazon.com/images/M/MV5BYzJlNjRkNmMtZjU0YS00YmJhLWJiZTgtOGM3MWIxZWViNTFlXkEyXkFqcGdeQXVyMTEyMjM2NDc2._V1_QL75_UX820_.jpg');
INSERT INTO `copy`.`movie_img` (`movie_id`, `link_img_id`) VALUES (10, 394);
INSERT INTO `copy`.`link_img` (`link_img_id`, `link_img`) VALUES (395, 'https://m.media-amazon.com/images/M/MV5BYjQzZDA3NWEtMzE5NC00MGIxLTgyN2MtY2I5ZWQzNWMyNmFjXkEyXkFqcGdeQXVyMTEyMjM2NDc2._V1_QL75_UX820_.jpg');
INSERT INTO `copy`.`movie_img` (`movie_id`, `link_img_id`) VALUES (10, 395);
INSERT INTO `copy`.`link_img` (`link_img_id`, `link_img`) VALUES (396, 'https://m.media-amazon.com/images/M/MV5BOWM3Y2NkMTAtZTdmYi00NTJjLTg2MWYtYWVmYmJhNDliOTUxXkEyXkFqcGdeQXVyMTEyMjM2NDc2._V1_QL75_UX820_.jpg');
INSERT INTO `copy`.`movie_img` (`movie_id`, `link_img_id`) VALUES (10, 396);
INSERT INTO `copy`.`link_img` (`link_img_id`, `link_img`) VALUES (397, 'https://m.media-amazon.com/images/M/MV5BMzI2ZDZlNzctMmI2Yy00OGQ3LTg5YzItY2NmNDQ4NzMyMjZlXkEyXkFqcGdeQXVyMTEyMjM2NDc2._V1_QL75_UX820_.jpg');
INSERT INTO `copy`.`movie_img` (`movie_id`, `link_img_id`) VALUES (10, 397);
INSERT INTO `copy`.`link_img` (`link_img_id`, `link_img`) VALUES (398, 'https://m.media-amazon.com/images/M/MV5BMjVkMWFhN2ItZmI0NC00YzIyLWJiZDUtYTMxZDc2NzVjNWUzXkEyXkFqcGdeQXVyMTEyMjM2NDc2._V1_QL75_UX820_.jpg');
INSERT INTO `copy`.`movie_img` (`movie_id`, `link_img_id`) VALUES (10, 398);
INSERT INTO `copy`.`link_img` (`link_img_id`, `link_img`) VALUES (399, 'https://m.media-amazon.com/images/M/MV5BMDY3NzEyMmUtODIzNi00MTQyLTg5YTctMzJmNGVlYzlhNzAyXkEyXkFqcGdeQXVyMDM2NDM2MQ@@._V1_QL75_UX820_.jpg');
INSERT INTO `copy`.`movie_img` (`movie_id`, `link_img_id`) VALUES (10, 399);
INSERT INTO `copy`.`link_img` (`link_img_id`, `link_img`) VALUES (400, 'https://m.media-amazon.com/images/M/MV5BNjQxZDM5NGYtM2VmYS00ZjM2LWJhZDMtNTY1MzQ4YWY5MTdhXkEyXkFqcGdeQXVyMDM2NDM2MQ@@._V1_QL75_UX820_.jpg');
INSERT INTO `copy`.`movie_img` (`movie_id`, `link_img_id`) VALUES (10, 400);
INSERT INTO `copy`.`link_img` (`link_img_id`, `link_img`) VALUES (401, 'https://m.media-amazon.com/images/M/MV5BN2RiMDEwODItM2MyNC00NmI5LTgwNDctMGYwZGViZjQ0YzNjXkEyXkFqcGdeQXVyMDM2NDM2MQ@@._V1_QL75_UX820_.jpg');
INSERT INTO `copy`.`movie_img` (`movie_id`, `link_img_id`) VALUES (10, 401);
INSERT INTO `copy`.`link_img` (`link_img_id`, `link_img`) VALUES (402, 'https://m.media-amazon.com/images/M/MV5BNDFiOWY5ZjYtNmM1Ni00YzU5LWE2NjUtNTFjNjVlYTVkNjE5XkEyXkFqcGdeQXVyMDM2NDM2MQ@@._V1_QL75_UX820_.jpg');
INSERT INTO `copy`.`movie_img` (`movie_id`, `link_img_id`) VALUES (10, 402);
INSERT INTO `copy`.`link_img` (`link_img_id`, `link_img`) VALUES (403, 'https://m.media-amazon.com/images/M/MV5BMGI5OTdjZTktNzdkZi00NWMwLWI0NzUtOGVkYmM1NWQxOGM5XkEyXkFqcGdeQXVyMDM2NDM2MQ@@._V1_QL75_UX820_.jpg');
INSERT INTO `copy`.`movie_img` (`movie_id`, `link_img_id`) VALUES (10, 403);
INSERT INTO `copy`.`link_img` (`link_img_id`, `link_img`) VALUES (404, 'https://m.media-amazon.com/images/M/MV5BYmNlZWNkYTItNDc1Ni00ZmY0LWFhMzMtY2FhZDdiYWIxMDBjXkEyXkFqcGdeQXVyMDM2NDM2MQ@@._V1_QL75_UX820_.jpg');
INSERT INTO `copy`.`movie_img` (`movie_id`, `link_img_id`) VALUES (10, 404);
INSERT INTO `copy`.`link_img` (`link_img_id`, `link_img`) VALUES (405, 'https://m.media-amazon.com/images/M/MV5BN2E5YjIxOWUtNWYxZi00MWU2LWI4YTktYWRiODk3ODY3NmUyXkEyXkFqcGc@._V1_QL75_UX820_.jpg');
INSERT INTO `copy`.`movie_img` (`movie_id`, `link_img_id`) VALUES (10, 405);
INSERT INTO `copy`.`link_img` (`link_img_id`, `link_img`) VALUES (406, 'https://m.media-amazon.com/images/M/MV5BMmQ2Yjc0M2ItNDJiNi00MDMxLTlmM2EtNjJjZGU3ZDBiZThlXkEyXkFqcGc@._V1_QL75_UX820_.jpg');
INSERT INTO `copy`.`movie_img` (`movie_id`, `link_img_id`) VALUES (10, 406);
INSERT INTO `copy`.`link_img` (`link_img_id`, `link_img`) VALUES (407, 'https://m.media-amazon.com/images/M/MV5BNDg5ZmVmZDUtNGYzMC00ZWZlLWFmMDAtMTk3NzMzN2NiMWY5XkEyXkFqcGc@._V1_QL75_UX820_.jpg');
INSERT INTO `copy`.`movie_img` (`movie_id`, `link_img_id`) VALUES (10, 407);
INSERT INTO `copy`.`link_img` (`link_img_id`, `link_img`) VALUES (408, 'https://m.media-amazon.com/images/M/MV5BM2M0YjcyNGEtZWE4ZS00NDI4LTk3MzYtZDljNDQzMWY4Y2RjXkEyXkFqcGc@._V1_QL75_UX820_.jpg');
INSERT INTO `copy`.`movie_img` (`movie_id`, `link_img_id`) VALUES (10, 408);
INSERT INTO `copy`.`link_img` (`link_img_id`, `link_img`) VALUES (409, 'https://m.media-amazon.com/images/M/MV5BNDA3MmYzOWEtYWZhNS00ZmU3LWJkYmUtODBjMzQyNzMxYmZhXkEyXkFqcGc@._V1_QL75_UX820_.jpg');
INSERT INTO `copy`.`movie_img` (`movie_id`, `link_img_id`) VALUES (10, 409);
INSERT INTO `copy`.`link_img` (`link_img_id`, `link_img`) VALUES (410, 'https://m.media-amazon.com/images/M/MV5BZTIzOWUwNDQtOTIxZS00MjJjLWJhYmItOThkNTc4ODRlYjgyXkEyXkFqcGdeQXVyMTY3ODkyNDkz._V1_QL75_UX820_.jpg');
INSERT INTO `copy`.`movie_img` (`movie_id`, `link_img_id`) VALUES (10, 410);
INSERT INTO `copy`.`link_img` (`link_img_id`, `link_img`) VALUES (411, 'https://m.media-amazon.com/images/M/MV5BYzRkMTIyYTQtZTY4MC00NjNkLTlhMGQtNGQzOThiNDZhODI1XkEyXkFqcGdeQXVyMjQwMDg0Ng@@._V1_QL75_UX820_.jpg');
INSERT INTO `copy`.`movie_img` (`movie_id`, `link_img_id`) VALUES (10, 411);
INSERT INTO `copy`.`link_img` (`link_img_id`, `link_img`) VALUES (412, 'https://m.media-amazon.com/images/M/MV5BMGNlMjRhNWQtNTQ1MS00NTViLThmZjUtYmRlNmIxZjlmNTM4XkEyXkFqcGdeQXVyMjQwMDg0Ng@@._V1_QL75_UX820_.jpg');
INSERT INTO `copy`.`movie_img` (`movie_id`, `link_img_id`) VALUES (10, 412);
INSERT INTO `copy`.`link_img` (`link_img_id`, `link_img`) VALUES (413, 'https://m.media-amazon.com/images/M/MV5BZmU4OGZiODItYzAwYy00MWU3LTg3ODUtN2IwN2Q0NzBhZDUyXkEyXkFqcGdeQXVyMjQwMDg0Ng@@._V1_QL75_UX820_.jpg');
INSERT INTO `copy`.`movie_img` (`movie_id`, `link_img_id`) VALUES (10, 413);
INSERT INTO `copy`.`link_img` (`link_img_id`, `link_img`) VALUES (414, 'https://m.media-amazon.com/images/M/MV5BNGZjYzE4M2MtNmE5ZC00MjdkLThmYTAtNTAyNjQyN2Q4YmVlXkEyXkFqcGdeQXVyMDM2NDM2MQ@@._V1_QL75_UX820_.jpg');
INSERT INTO `copy`.`movie_img` (`movie_id`, `link_img_id`) VALUES (10, 414);
INSERT INTO `copy`.`link_img` (`link_img_id`, `link_img`) VALUES (415, 'https://m.media-amazon.com/images/M/MV5BOTZmMDBmZDMtZDgyNC00YjMzLWI3NzgtNDIxZDM0NjQ3N2NmXkEyXkFqcGc@._V1_QL75_UX820_.jpg');
INSERT INTO `copy`.`movie_img` (`movie_id`, `link_img_id`) VALUES (10, 415);
INSERT INTO `copy`.`link_img` (`link_img_id`, `link_img`) VALUES (416, 'https://m.media-amazon.com/images/M/MV5BMmE5MTgwNGQtZjYyYi00N2Q5LWJhMGMtZjI3NzYyYjYyZGZhXkEyXkFqcGc@._V1_QL75_UX820_.jpg');
INSERT INTO `copy`.`movie_img` (`movie_id`, `link_img_id`) VALUES (10, 416);
INSERT INTO `copy`.`link_img` (`link_img_id`, `link_img`) VALUES (417, 'https://m.media-amazon.com/images/M/MV5BNjU1ZTEyNDEtNGI1NC00N2FiLTg0OWItNzlkYjUwOWYxZTQ2XkEyXkFqcGc@._V1_QL75_UX820_.jpg');
INSERT INTO `copy`.`movie_img` (`movie_id`, `link_img_id`) VALUES (10, 417);
INSERT INTO `copy`.`link_img` (`link_img_id`, `link_img`) VALUES (418, 'https://m.media-amazon.com/images/M/MV5BNmVhNjYzMmMtOWRkYS00MzM0LTgzODctMjkyZjgwZWNmZWRkXkEyXkFqcGc@._V1_QL75_UX820_.jpg');
INSERT INTO `copy`.`movie_img` (`movie_id`, `link_img_id`) VALUES (10, 418);
INSERT INTO `copy`.`link_img` (`link_img_id`, `link_img`) VALUES (419, 'https://m.media-amazon.com/images/M/MV5BYzk1ZTE4NDQtMWNjMi00ZTkwLTllNmEtOGQ5N2I2NGEyNmIwXkEyXkFqcGc@._V1_QL75_UX820_.jpg');
INSERT INTO `copy`.`movie_img` (`movie_id`, `link_img_id`) VALUES (10, 419);
INSERT INTO `copy`.`link_img` (`link_img_id`, `link_img`) VALUES (420, 'https://m.media-amazon.com/images/M/MV5BYjIwMWYwY2MtMWNjMy00MGEyLWI5Y2EtZDNiMjU1MWI3ZDJiXkEyXkFqcGdeQXVyOTI5Mzk0Njg@._V1_QL75_UX820_.jpg');
INSERT INTO `copy`.`movie_img` (`movie_id`, `link_img_id`) VALUES (10, 420);
INSERT INTO `copy`.`link_img` (`link_img_id`, `link_img`) VALUES (421, 'https://m.media-amazon.com/images/M/MV5BNzg0NzMxMzEtZGU5OC00ZmUyLWIxOGUtNDBmOGJhYjBiNWZiXkEyXkFqcGdeQXVyNjUwNzk3NDc@._V1_QL75_UX820_.jpg');
INSERT INTO `copy`.`movie_img` (`movie_id`, `link_img_id`) VALUES (10, 421);
INSERT INTO `copy`.`link_img` (`link_img_id`, `link_img`) VALUES (422, 'https://m.media-amazon.com/images/M/MV5BNzZiYTFmNTgtMTE1YS00MWVhLThmMzgtN2UyNjE3YTYwNmFkXkEyXkFqcGdeQXVyNjUwNzk3NDc@._V1_QL75_UX820_.jpg');
INSERT INTO `copy`.`movie_img` (`movie_id`, `link_img_id`) VALUES (10, 422);
INSERT INTO `copy`.`link_img` (`link_img_id`, `link_img`) VALUES (423, 'https://m.media-amazon.com/images/M/MV5BNjM5OTYzNDAtZDYzOC00MjYyLWIzOWItMmUzNGMxNmZkMDc3XkEyXkFqcGdeQXVyOTI5Mzk0Njg@._V1_QL75_UX820_.jpg');
INSERT INTO `copy`.`movie_img` (`movie_id`, `link_img_id`) VALUES (10, 423);
INSERT INTO `copy`.`link_img` (`link_img_id`, `link_img`) VALUES (424, 'https://m.media-amazon.com/images/M/MV5BNDEyYzhmMjYtYjY0OC00ZWM1LWEwNzAtYTY5NWE3NGQ1OTU5XkEyXkFqcGdeQXVyMTE5NzE3MTI5._V1_QL75_UX820_.jpg');
INSERT INTO `copy`.`movie_img` (`movie_id`, `link_img_id`) VALUES (10, 424);
INSERT INTO `copy`.`link_img` (`link_img_id`, `link_img`) VALUES (425, 'https://m.media-amazon.com/images/M/MV5BNjI2ZjdmOWUtNDMyNy00MWY4LWFlZTYtNmY2ZGQ4YzkyODBlXkEyXkFqcGdeQXVyOTI5Mzk0Njg@._V1_QL75_UX820_.jpg');
INSERT INTO `copy`.`movie_img` (`movie_id`, `link_img_id`) VALUES (10, 425);
INSERT INTO `copy`.`link_img` (`link_img_id`, `link_img`) VALUES (426, 'https://m.media-amazon.com/images/M/MV5BOWU0NzAwZTYtOTMyYS00NzRkLWEwNDktODk1NzIyZmNjNDZhXkEyXkFqcGdeQXVyMTI5Njg5OTQz._V1_QL75_UX820_.jpg');
INSERT INTO `copy`.`movie_img` (`movie_id`, `link_img_id`) VALUES (10, 426);
INSERT INTO `copy`.`link_img` (`link_img_id`, `link_img`) VALUES (427, 'https://m.media-amazon.com/images/M/MV5BMzAwNjk0ZTktMzU4MC00YTM2LThiYzktNWUwN2M2NzcxMDY2XkEyXkFqcGdeQXVyMTY4ODY1NTU1._V1_QL75_UX820_.jpg');
INSERT INTO `copy`.`movie_img` (`movie_id`, `link_img_id`) VALUES (10, 427);
INSERT INTO `copy`.`link_img` (`link_img_id`, `link_img`) VALUES (428, 'https://m.media-amazon.com/images/M/MV5BMGE0OWE0ZTEtNDA0Mi00MmQ2LTg1NGEtM2RiMzQxMThlZjMzXkEyXkFqcGdeQXVyMTY4ODY1NTU1._V1_QL75_UX820_.jpg');
INSERT INTO `copy`.`movie_img` (`movie_id`, `link_img_id`) VALUES (10, 428);
INSERT INTO `copy`.`link_img` (`link_img_id`, `link_img`) VALUES (429, 'https://m.media-amazon.com/images/M/MV5BOTZhNDQ5NWItZWRhZi00YjZmLThiYTctYzExNzBjYzkyZGVjXkEyXkFqcGdeQXVyNjc0NzQzNTM@._V1_QL75_UX820_.jpg');
INSERT INTO `copy`.`movie_img` (`movie_id`, `link_img_id`) VALUES (10, 429);
INSERT INTO `copy`.`link_img` (`link_img_id`, `link_img`) VALUES (430, 'https://m.media-amazon.com/images/M/MV5BYmJmMGQyZjktZTE2ZS00NmUzLTg3M2ItYzFlYzFlMzA1Nzc5XkEyXkFqcGc@._V1_QL75_UX820_.jpg');
INSERT INTO `copy`.`movie_img` (`movie_id`, `link_img_id`) VALUES (10, 430);
INSERT INTO `copy`.`link_img` (`link_img_id`, `link_img`) VALUES (431, 'https://m.media-amazon.com/images/M/MV5BYjFmZTEzMTctZWNiNi00YTgwLTk0ZDYtYzc2MGZmMDNkOThiXkEyXkFqcGc@._V1_QL75_UX820_.jpg');
INSERT INTO `copy`.`movie_img` (`movie_id`, `link_img_id`) VALUES (10, 431);
INSERT INTO `copy`.`link_img` (`link_img_id`, `link_img`) VALUES (432, 'https://m.media-amazon.com/images/M/MV5BYTFmZWJiZDUtYTUxOS00ZjljLWFmODUtNzVkYjIxOGM2ZjdkXkEyXkFqcGc@._V1_QL75_UX820_.jpg');
INSERT INTO `copy`.`movie_img` (`movie_id`, `link_img_id`) VALUES (10, 432);
INSERT INTO `copy`.`link_img` (`link_img_id`, `link_img`) VALUES (433, 'https://m.media-amazon.com/images/M/MV5BMGVhNDA2NzctOGQ4Ny00MTNhLThjYjQtYjBjM2FiMGZhMDZhXkEyXkFqcGc@._V1_QL75_UX820_.jpg');
INSERT INTO `copy`.`movie_img` (`movie_id`, `link_img_id`) VALUES (10, 433);
INSERT INTO `copy`.`link_img` (`link_img_id`, `link_img`) VALUES (434, 'https://m.media-amazon.com/images/M/MV5BMTQzNWQ3OGEtZjhiZC00NmQ1LWFhNzAtYzZlZmNhOWY4NGE4XkEyXkFqcGc@._V1_QL75_UX820_.jpg');
INSERT INTO `copy`.`movie_img` (`movie_id`, `link_img_id`) VALUES (10, 434);
INSERT INTO `copy`.`link_img` (`link_img_id`, `link_img`) VALUES (435, 'https://m.media-amazon.com/images/M/MV5BMWZhZDQ5YzgtODY0MC00NWY5LWFkYWEtMGJkOTUwOTRkOTljXkEyXkFqcGc@._V1_QL75_UX820_.jpg');
INSERT INTO `copy`.`movie_img` (`movie_id`, `link_img_id`) VALUES (10, 435);
INSERT INTO `copy`.`link_img` (`link_img_id`, `link_img`) VALUES (436, 'https://m.media-amazon.com/images/M/MV5BZDk1ZTMxMGYtNGNlMC00NDhkLTk2NjUtYjU3NDQ2NGIyMTM4XkEyXkFqcGdeQXVyMTI1NzE2OTA5._V1_QL75_UX820_.jpg');
INSERT INTO `copy`.`movie_img` (`movie_id`, `link_img_id`) VALUES (10, 436);
INSERT INTO `copy`.`link_img` (`link_img_id`, `link_img`) VALUES (437, 'https://m.media-amazon.com/images/M/MV5BZWMxNmVhOGItMTk0OS00YzQ2LWI4NzYtYzg1YmJjNmZjMGZjXkEyXkFqcGdeQXVyMjQwMDg0Ng@@._V1_QL75_UX820_.jpg');
INSERT INTO `copy`.`movie_img` (`movie_id`, `link_img_id`) VALUES (10, 437);
INSERT INTO `copy`.`link_img` (`link_img_id`, `link_img`) VALUES (438, 'https://m.media-amazon.com/images/M/MV5BMmVlMzg4YzYtMmI4Ni00NDZjLTljN2UtMGViYWFlY2E3Mjg3XkEyXkFqcGdeQXVyNjY0Mzk3NzA@._V1_QL75_UX820_.jpg');
INSERT INTO `copy`.`movie_img` (`movie_id`, `link_img_id`) VALUES (10, 438);
INSERT INTO `copy`.`link_img` (`link_img_id`, `link_img`) VALUES (439, 'https://m.media-amazon.com/images/M/MV5BMzZiNmM3MWYtY2IzOS00YWEwLTk4NWYtNDc0ZmM5MjNlYmRjXkEyXkFqcGc@._V1_QL75_UX820_.jpg');
INSERT INTO `copy`.`movie_img` (`movie_id`, `link_img_id`) VALUES (10, 439);
INSERT INTO `copy`.`link_trailler` (`link_trailler_id`, `link_trailler`) VALUES (10, 'https://imdb-video.media-imdb.com/vi2971911705/1434659607842-pgv4ql-1719584635533.mp4?Expires=1720036057&Signature=SvQYX9zlDGOdphloWi7kokQoQrIQiYY4uxddZKS5HHBqiuUfmaXlZqsc9ngFp9UEx8pLw8ZT4pLi-WkERZlO1U8hCAho9TvWHYpe5hyVOrPMuDBpTb7x2lw4Ymj8Z924hDDCnLYxq2y3SKi4bv9dnMoImdHq5zkOPqmG35LWiRVMo-3E04c4Mww05yU73eRHzyCnbPdvUiqJTwxpjLOj425gT10EXQmUbGtGGRMluVSps-NeoARptINRsTvFtyREGscI8JF19UafyMW~3ml7MADgAB5RgabC4cskUL3IC~LCfIC5c1O2fVYQvZNFkwNugf8TaK4nZdbFLkP6-GxWIg__&Key-Pair-Id=APKAIFLZBVQZ24NQH3KA');
INSERT INTO `copy`.`movie_trailler` (`movie_id`, `link_trailler_id`) VALUES (10, 10);
